Drug,SMILES
Metformin,CN(C)C(=N)N=C(N)N
phenyl biguanide,C1=CC=C(C=C1)N=C(N)N=C(N)N
Valproic Acid,CCCC(CCC)C(=O)O
Estradiol,C[C@]12CC[C@H]3[C@H]([C@@H]1CC[C@@H]2O)CCC4=C3C=CC(=C4)O
alpha-estradiol,C[C@]12CC[C@H]3[C@H]([C@@H]1CC[C@H]2O)CCC4=C3C=CC(=C4)O
Dexamethasone,C[C@@H]1C[C@H]2[C@@H]3CCC4=CC(=O)C=C[C@@]4([C@]3([C@H](C[C@@]2([C@]1(C(=O)CO)O)C)O)F)C
Mesalazine,C1=CC(=C(C=C1N)C(=O)O)O
Chlorpropamide,CCCNC(=O)NS(=O)(=O)C1=CC=C(C=C1)Cl
Tamoxifen,CC/C(=C(\C1=CC=CC=C1)/C2=CC=C(C=C2)OCCN(C)C)/C3=CC=CC=C3
Verapamil,CC(C)C(CCCN(C)CCC1=CC(=C(C=C1)OC)OC)(C#N)C2=CC(=C(C=C2)OC)OC
Amitriptyline,CN(C)CCC=C1C2=CC=CC=C2CCC3=CC=CC=C31
Sulindac,CC\1=C(C2=C(/C1=C\C3=CC=C(C=C3)S(=O)C)C=CC(=C2)F)CC(=O)O
Tacrolimus,C[C@@H]1C[C@@H]([C@@H]2[C@H](C[C@H]([C@@](O2)(C(=O)C(=O)N3CCCC[C@H]3C(=O)O[C@@H]([C@@H]([C@H](CC(=O)[C@@H](/C=C(/C1)\C)CC=C)O)C)/C(=C/[C@@H]4CC[C@H]([C@@H](C4)OC)O)/C)O)C)OC)OC
Masoprocol,C[C@H](CC1=CC(=C(C=C1)O)O)[C@@H](C)CC2=CC(=C(C=C2)O)O
Rofecoxib,CS(=O)(=O)C1=CC=C(C=C1)C2=C(C(=O)OC2)C3=CC=CC=C3
Celecoxib,CC1=CC=C(C=C1)C2=CC(=NN2C3=CC=C(C=C3)S(=O)(=O)N)C(F)(F)F
LM-1685,COC(=O)C1=CC2=C(N1CC3=CC=C(C=C3)Cl)C=CC(=C2)S(=O)(=O)C
SC-58125,CS(=O)(=O)C1=CC=C(C=C1)N2C(=CC(=N2)C(F)(F)F)C3=CC=C(C=C3)F
Tanespimycin,C[C@H]1C[C@@H]([C@@H]([C@H](/C=C(/[C@@H]([C@H](/C=C\C=C(\C(=O)NC2=CC(=O)C(=C(C1)C2=O)NCC=C)/C)OC)OC(=O)N)\C)C)O)OC
tomelukast,CCCC1=C(C=CC(=C1O)C(=O)C)OCCCCC2=NNN=N2
Arotinoid acid,C/C(=C\C1=CC=C(C=C1)C(=O)O)/C2=CC3=C(C=C2)C(CCC3(C)C)(C)C
Tretinoin,CC1=C(C(CCC1)(C)C)C=CC(=CC=CC(=CC(=O)O)C)C
LY-294002,C1COCCN1C2=CC(=O)C3=C(O2)C(=CC=C3)C4=CC=CC=C4
Ciclosporin,CC[C@H]1C(=O)N(CC(=O)N([C@H](C(=O)N[C@H](C(=O)N([C@H](C(=O)N[C@H](C(=O)N[C@@H](C(=O)N([C@H](C(=O)N([C@H](C(=O)N([C@H](C(=O)N([C@H](C(=O)N1)[C@@H]([C@H](C)C/C=C/C)O)C)C(C)C)C)CC(C)C)C)CC(C)C)C)C)C)CC(C)C)C)C(C)C)CC(C)C)C)C
Indometacin,CC1=C(C2=C(N1C(=O)C3=CC=C(C=C3)Cl)C=CC(=C2)OC)CC(=O)O
Clofibrate,CCOC(=O)C(C)(C)OC1=CC=C(C=C1)Cl
MK-886,CC(C)C1=CC2=C(C=C1)N(C(=C2SC(C)(C)C)CC(C)(C)C(=O)O)CC3=CC=C(C=C3)Cl
Prednisolone,C[C@]12C[C@@H]([C@H]3[C@H]([C@@H]1CC[C@@]2(C(=O)CO)O)CCC4=CC(=O)C=C[C@]34C)O
Thalidomide,C1CC(=O)NC(=O)C1N2C(=O)C3=CC=CC=C3C2=O
Genistein,C1=CC(=CC=C1C2=COC3=CC(=CC(=C3C2=O)O)O)O
Fludrocortisone,C[C@]12CCC(=O)C=C1CC[C@@H]3[C@@]2([C@H](C[C@]4([C@H]3CC[C@@]4(C(=O)CO)O)C)O)F
Quercetin,C1=CC(=C(C=C1C2=C(C(=O)C3=C(C=C(C=C3O2)O)O)O)O)O
sulindac sulfide,CC\1=C(C2=C(/C1=C\C3=CC=C(C=C3)SC)C=CC(=C2)F)CC(=O)O
Fulvestrant,C[C@]12CC[C@H]3C([C@@H]1CC[C@@H]2O)[C@@H](CC4=C3C=CC(=C4)O)CCCCCCCCCS(=O)CCCC(C(F)(F)F)(F)F
Monastrol,CCOC(=O)C1=C(NC(=S)N[C@H]1C2=CC(=CC=C2)O)C
Staurosporine,C[C@@]12[C@@H]([C@@H](C[C@@H](O1)N3C4=CC=CC=C4C5=C6C(=C7C8=CC=CC=C8N2C7=C53)CNC6=O)NC)OC
NU-1025,CC1=NC2=C(C=CC=C2O)C(=O)N1
Exisulind,CC\1=C(C2=C(/C1=C\C3=CC=C(C=C3)S(=O)(=O)C)C=CC(=C2)F)CC(=O)O
Acetylsalicylic acid,CC(=O)OC1=CC=CC=C1C(=O)O
Flufenamic Acid,C1=CC=C(C(=C1)C(=O)O)NC2=CC=CC(=C2)C(F)(F)F
N-phenylanthranilic acid,C1=CC=C(C=C1)NC2=CC=CC=C2C(=O)O
monorden,C[C@@H]1C[C@@H]2[C@H](O2)/C=C\C=C\C(=O)CC3=C(C(=CC(=C3Cl)O)O)C(=O)O1
Sirolimus,C[C@@H]1CC[C@H]2C[C@@H](/C(=C/C=C/C=C/[C@H](C[C@H](C(=O)[C@@H]([C@@H](/C(=C/[C@H](C(=O)C[C@H](OC(=O)[C@@H]3CCCCN3C(=O)C(=O)[C@@]1(O2)O)[C@H](C)C[C@@H]4CC[C@H]([C@@H](C4)OC)O)C)/C)O)OC)C)C)/C)OC
arachidonyltrifluoromethane,CCCCC/C=C\C/C=C\C/C=C\C/C=C\CCCC(=O)C(F)(F)F
trichostatin A,C[C@H](/C=C(\C)/C=C/C(=O)NO)C(=O)C1=CC=C(C=C1)N(C)C
Diclofenac,C1=CC=C(C(=C1)CC(=O)O)NC2=C(C=CC=C2Cl)Cl
Mercaptopurine,C1=NC2=C(N1)C(=S)N=CN2
Felodipine,CCOC(=O)C1=C(NC(=C(C1C2=C(C(=CC=C2)Cl)Cl)C(=O)OC)C)C
Azathioprine,C1=NC2=C(N1)C(=S)N=CN2
Novobiocin,CC1=C(C=CC2=C1OC(=O)C(=C2O)NC(=O)C3=CC(=C(C=C3)O)CC=C(C)C)O[C@H]4[C@@H]([C@@H]([C@H](C(O4)(C)C)OC)OC(=O)N)O
Fasudil,C1CNCCN(C1)S(=O)(=O)C2=CC=CC3=C2C=CN=C3
2-deoxyglucose,C(C=O)[C@H]([C@@H]([C@@H](CO)O)O)O
Imatinib,CC1=C(C=C(C=C1)NC(=O)C2=CC=C(C=C2)CN3CCN(CC3)C)NC4=NC=CC(=N4)C5=CN=CC=C5
pirinixic acid,CC1=C(C(=CC=C1)NC2=CC(=NC(=N2)SCC(=O)O)Cl)C
Rosiglitazone,CN(CCOC1=CC=C(C=C1)CC2C(=O)NC(=O)S2)C3=CC=CC=N3
Troglitazone,CC1=C(C2=C(CCC(O2)(C)COC3=CC=C(C=C3)CC4C(=O)NC(=O)S4)C(=C1O)C)C
Raloxifene,C1CCN(CC1)CCOC2=CC=C(C=C2)C(=O)C3=C(SC4=C3C=CC(=C4)O)C5=CC=C(C=C5)O
Wortmannin,CC(=O)O[C@@H]1C[C@]2([C@@H](CCC2=O)C3=C1[C@]4([C@H](OC(=O)C5=COC(=C54)C3=O)COC)C)C
tetraethylenepentamine,C(CNCCNCCNCCN)N
Clozapine,CN1CCN(CC1)C2=NC3=C(C=CC(=C3)Cl)NC4=CC=CC=C42
Thioridazine,CN1CCCCC1CCN2C3=CC=CC=C3SC4=C2C=C(C=C4)SC
Haloperidol,C1CN(CCC1(C2=CC=C(C=C2)Cl)O)CCCC(=O)C3=CC=C(C=C3)F
Chlorpromazine,CN(C)CCCN1C2=CC=CC=C2SC3=C1C=C(C=C3)Cl
Trifluoperazine,CN1CCN(CC1)CCCN2C3=CC=CC=C3SC4=C2C=C(C=C4)C(F)(F)F
Iloprost,CC#CCC(C)[C@@H](/C=C/[C@H]1[C@@H](C[C@H]2[C@@H]1C/C(=C/CCCC(=O)O)/C2)O)O
Oxamic Acid,C(=O)(C(=O)O)N
Arachidonic Acid,CCCCC/C=C\C/C=C\C/C=C\C/C=C\CCCC(=O)O
Prochlorperazine,CN1CCN(CC1)CCCN2C3=CC=CC=C3SC4=C2C=C(C=C4)Cl
quinpirole,CCCN1CCC[C@H]2[C@H]1CC3=C(C2)NN=C3
Deferoxamine,CC(=O)N(CCCCCNC(=O)CCC(=O)N(CCCCCNC(=O)CCC(=O)N(CCCCCN)O)O)O
calmidazolium,C1=CC(=CC=C1C(C2=CC=C(C=C2)Cl)N3C=C[N+](=C3)CC(C4=C(C=C(C=C4)Cl)Cl)OCC5=C(C=C(C=C5)Cl)Cl)Cl
Fluphenazine,C1CN(CCN1CCCN2C3=CC=CC=C3SC4=C2C=C(C=C4)C(F)(F)F)CCO
Dopamine,C1=CC(=C(C=C1CCN)O)O
Gefitinib,COC1=C(C=C2C(=C1)N=CN=C2NC3=CC(=C(C=C3)F)Cl)OCCCN4CCOCC4
"1,5-isoquinolinediol",C1=CC2=C(C=CNC2=O)C(=C1)O
Fisetin,C1=CC(=C(C=C1C2=C(C(=O)C3=C(O2)C=C(C=C3)O)O)O)O
butein,C1=CC(=C(C=C1/C=C/C(=O)C2=C(C=C(C=C2)O)O)O)O
HNMPA-(AM)3,CC(=O)OCOC(C1=CC2=CC=CC=C2C=C1)P(=O)(OCOC(=O)C)OCOC(=O)C
dimethyloxalylglycine,COC(=O)CNC(=O)C(=O)OC
3-aminobenzamide,C1=CC(=CC(=C1)N)C(=O)N
Bucladesine,CCCC(=O)NC1=C2C(=NC=N1)N(C=N2)[C@H]3[C@@H]([C@H]4[C@H](O3)COP(=O)(O4)O)OC(=O)CCC
Probucol,CC(C)(C)C1=CC(=CC(=C1O)C(C)(C)C)SC(C)(C)SC2=CC(=C(C(=C2)C(C)(C)C)O)C(C)(C)C
Geldanamycin,C[C@H]1C[C@@H]([C@@H]([C@H](/C=C(/[C@@H]([C@H](/C=C\C=C(\C(=O)NC2=CC(=O)C(=C(C1)C2=O)OC)/C)OC)OC(=O)N)\C)C)O)OC
Resveratrol,C1=CC(=CC=C1/C=C/C2=CC(=CC(=C2)O)O)O
Colchicine,CC(=O)NC1CCC2=CC(=C(C(=C2C3=CC=C(C(=O)C=C13)OC)OC)OC)OC
Pentamidine,C1=CC(=CC=C1C(=N)N)OCCCCCOC2=CC=C(C=C2)C(=N)N
Paclitaxel,CC1=C2[C@H](C(=O)[C@@]3([C@H](C[C@@H]4[C@]([C@H]3[C@@H]([C@@](C2(C)C)(C[C@@H]1OC(=O)[C@@H]([C@H](C5=CC=CC=C5)NC(=O)C6=CC=CC=C6)O)O)OC(=O)C7=CC=CC=C7)(CO4)OC(=O)C)O)C)OC(=O)C
Benserazide,C1=CC(=C(C(=C1CNNC(=O)C(CO)N)O)O)O
Tioguanine,C1=NC2=C(N1)C(=S)N=C(N2)N
docosahexaenoic acid ethyl ester,CC/C=C\C/C=C\C/C=C\C/C=C\C/C=C\C/C=C\CCC(=O)OCC
rottlerin,CC1=C(C(=C(C(=C1O)C(=O)C)O)CC2=C(C(=C3C(=C2O)C=CC(O3)(C)C)C(=O)/C=C/C4=CC=CC=C4)O)O
quinostatin,CCC1=CC=C(C=C1)C(=O)C2=C(C3=CC4=C(C=C3N=C2)OCCO4)N5CCC(CC5)C(=O)N
ikarugamycin,CC[C@@H]1[C@@H](C[C@H]2[C@H]1C=C[C@H]3[C@@H]2C[C@@H]/4[C@@H]3C/C=C\C(=O)NCCC[C@H]5C(=O)/C(=C(\C=C4)/O)/C(=O)N5)C
Pyrvinium,CC1=CC(=C(N1C2=CC=CC=C2)C)/C=C/C3=[N+](C4=C(C=C3)C=C(C=C4)N(C)C)C
depudecin,C[C@H]([C@H]1[C@@H](O1)/C=C/[C@H]2[C@@H](O2)[C@@H](C=C)O)O
ionomycin,C[C@H](CCC(=O)O)C[C@H](C)C[C@H](C)C(=O)/C=C(/[C@H](C)C[C@H](C)C/C=C/[C@@H](C)[C@H]([C@@H](C)[C@H](C[C@@H]1CC[C@@](O1)(C)[C@H]2CC[C@@](O2)(C)[C@@H](C)O)O)O)\O
celastrol,CC1=C(C(=O)C=C2C1=CC=C3[C@]2(CC[C@@]4([C@@]3(CC[C@@]5([C@H]4C[C@](CC5)(C)C(=O)O)C)C)C)C)O
pararosaniline,C1=CC(=N)C=CC1=C(C2=CC=C(C=C2)N)C3=CC=C(C=C3)N.Cl
Colforsin,CC(=O)O[C@H]1[C@H]([C@@H]2[C@]([C@H](CCC2(C)C)O)([C@@]3([C@@]1(O[C@@](CC3=O)(C)C=C)C)O)C)O
Carbamazepine,C1=CC=C2C(=C1)C=CC3=CC=CC=C3N2C(=O)N
Oxaprozin,C1=CC=C(C=C1)C2=C(OC(=N2)CCC(=O)O)C3=CC=CC=C3
Vorinostat,C1=CC=C(C=C1)NC(=O)CCCCCCC(=O)NO
Alvespimycin,C[C@H]1C[C@@H]([C@@H]([C@H](/C=C(/[C@@H]([C@H](/C=C\C=C(\C(=O)NC2=CC(=O)C(=C(C1)C2=O)NCCN(C)C)/C)OC)OC(=O)N)\C)C)O)OC
tyrphostin AG-825,COC1=CC(=CC(=C1O)CSC2=NC3=CC=CC=C3S2)/C=C(\C#N)/C(=O)N
DL-PPMP,CCCCCCCCCCCCCCCC(=O)N[C@H](CN1CCOCC1)[C@@H](C2=CC=CC=C2)O.Cl
BW-B70C,CC(/C=C/C1=CC(=CC=C1)OC2=CC=C(C=C2)F)N(C(=O)N)O
MG-132,CC(C)C[C@@H](C=O)NC(=O)[C@H](CC(C)C)NC(=O)[C@H](CC(C)C)NC(=O)OCC1=CC=CC=C1
tyrphostin AG-1478,COC1=C(C=C2C(=C1)C(=NC=N2)NC3=CC(=CC=C3)Cl)OC
Procainamide,CCN(CC)CCNC(=O)C1=CC=C(C=C1)N
thioguanosine,C1=NC2=C(N1[C@H]3[C@@H]([C@@H]([C@H](O3)CO)O)O)NC(=NC2=S)N
Bepridil,CC(C)COCC(CN(CC1=CC=CC=C1)C2=CC=CC=C2)N3CCCC3
dequalinium chloride,CC1=[N+](C2=CC=CC=C2C(=C1)N)CCCCCCCCCC[N+]3=C(C=C(C4=CC=CC=C43)N)C
Ritodrine,C[C@@H]([C@@H](C1=CC=C(C=C1)O)O)NCCC2=CC=C(C=C2)O
Buspirone,C1CCC2(C1)CC(=O)N(C(=O)C2)CCCCN3CCN(CC3)C4=NC=CC=N4
Hesperidin,C[C@H]1[C@@H]([C@H]([C@H]([C@@H](O1)OC[C@@H]2[C@H]([C@@H]([C@H]([C@@H](O2)OC3=CC(=C4C(=O)C[C@H](OC4=C3)C5=CC(=C(C=C5)OC)O)O)O)O)O)O)O)O
androsterone,C[C@]12CC[C@H](C[C@@H]1CC[C@@H]3[C@@H]2CC[C@]4([C@H]3CCC4=O)C)O
Ouabain,C[C@H]1[C@@H]([C@H]([C@H]([C@@H](O1)O[C@H]2C[C@H]([C@@]3([C@@H]4[C@@H](CC[C@@]3(C2)O)[C@]5(CC[C@@H]([C@]5(C[C@H]4O)C)C6=CC(=O)OC6)O)CO)O)O)O)O
Anisomycin,CC(=O)O[C@@H]1[C@H](CN[C@@H]1CC2=CC=C(C=C2)OC)O
Corticosterone,C[C@]12CCC(=O)C=C1CC[C@@H]3[C@@H]2[C@H](C[C@]4([C@H]3CC[C@@H]4C(=O)CO)C)O
Cefixime,C=CC1=C(N2[C@@H]([C@@H](C2=O)NC(=O)/C(=N\OCC(=O)O)/C3=CSC(=N3)N)SC1)C(=O)O
Bacampicillin,CCOC(=O)OC(C)OC(=O)[C@H]1C(S[C@H]2N1C(=O)[C@H]2NC(=O)[C@@H](C3=CC=CC=C3)N)(C)C
digitoxigenin,C[C@]12CC[C@@H](C[C@H]1CC[C@@H]3[C@@H]2CC[C@]4([C@@]3(CC[C@@H]4C5=CC(=O)OC5)O)C)O
Meclocycline,CN(C)[C@H]1[C@@H]2[C@H]([C@@H]3C(=C)C4=C(C=CC(=C4C(=C3C(=O)[C@@]2(C(=C(C1=O)C(=O)N)O)O)O)O)Cl)O
Primaquine,CC(CCCN)NC1=C2C(=CC(=C1)OC)C=CC=N2
Chlorogenic Acid,C1[C@H]([C@H]([C@@H](C[C@@]1(C(=O)O)O)OC(=O)/C=C/C2=CC(=C(C=C2)O)O)O)O
Mefloquine,C1CCNC(C1)C(C2=CC(=NC3=C2C=CC=C3C(F)(F)F)C(F)(F)F)O
Diazoxide,CC1=NS(=O)(=O)C2=C(N1)C=CC(=C2)Cl
Clindamycin,CCC[C@@H]1C[C@H](N(C1)C)C(=O)N[C@@H]([C@@H]2[C@@H]([C@@H]([C@H]([C@H](O2)SC)O)O)O)[C@H](C)Cl
Nicergoline,CN1C[C@@H](C[C@]2([C@H]1CC3=CN(C4=CC=CC2=C34)C)OC)COC(=O)C5=CC(=CN=C5)Br
Spironolactone,CC(=O)S[C@@H]1CC2=CC(=O)CC[C@@]2([C@@H]3[C@@H]1[C@@H]4CC[C@]5([C@]4(CC3)C)CCC(=O)O5)C
Neomycin,C1[C@H]([C@@H]([C@H]([C@@H]([C@H]1N)O[C@@H]2[C@@H]([C@H]([C@@H]([C@H](O2)CN)O)O)N)O[C@H]3[C@@H]([C@@H]([C@H](O3)CO)O[C@@H]4[C@@H]([C@H]([C@@H]([C@@H](O4)CN)O)O)N)O)O)N.OS(=O)(=O)O.OS(=O)(=O)O.OS(=O)(=O)O
dizocilpine,C[C@@]12C3=CC=CC=C3C[C@@H](N1)C4=CC=CC=C24
Cefotaxime,CC(=O)OCC1=C(N2[C@@H]([C@@H](C2=O)NC(=O)/C(=N\OC)/C3=CSC(=N3)N)SC1)C(=O)O
Thioproperazine,CN1CCN(CC1)CCCN2C3=CC=CC=C3SC4=C2C=C(C=C4)S(=O)(=O)N(C)C
Dihydrostreptomycin,C[C@H]1[C@@]([C@H]([C@@H](O1)O[C@@H]2[C@H]([C@@H]([C@H]([C@@H]([C@H]2O)O)N=C(N)N)O)N=C(N)N)O[C@H]3[C@H]([C@@H]([C@H]([C@@H](O3)CO)O)O)NC)(CO)O
Pindolol,CC(C)NCC(COC1=CC=CC2=C1C=CN2)O
nocodazole,COC(=O)NC1=NC2=C(N1)C=C(C=C2)C(=O)C3=CC=CS3
Dihydroergotamine,C[C@@]1(C(=O)N2[C@H](C(=O)N3CCC[C@H]3[C@@]2(O1)O)CC4=CC=CC=C4)NC(=O)[C@@H]5C[C@H]6[C@@H](CC7=CNC8=CC=CC6=C78)N(C5)C
Tranexamic acid,C1CC(CCC1CN)C(=O)O
ampyrone,CC1=C(C(=O)N(N1C)C2=CC=CC=C2)N
Midodrine,COC1=CC(=C(C=C1)OC)C(CNC(=O)CN)O
Piroxicam,CN1C(=C(C2=CC=CC=C2S1(=O)=O)O)C(=O)NC3=CC=CC=N3
etofylline,CN1C2=C(C(=O)N(C1=O)C)N(C=N2)CCO
Chlorzoxazone,C1=CC2=C(C=C1Cl)NC(=O)O2
Fenspiride,C1CN(CCC12CNC(=O)O2)CCC3=CC=CC=C3
Hyoscyamine,CN1[C@@H]2CC[C@H]1CC(C2)OC(=O)[C@H](CO)C3=CC=CC=C3
Chlorphenesin,C1=CC(=CC=C1OCC(CO)O)Cl
Ethosuximide,CCC1(CC(=O)NC1=O)C
Aztreonam,C[C@H]1[C@@H](C(=O)N1S(=O)(=O)O)NC(=O)/C(=N\OC(C)(C)C(=O)O)/C2=CSC(=N2)N
hydrastinine,CN1CCC2=CC3=C(C=C2C1O)OCO3
Tolfenamic Acid,CC1=C(C=CC=C1Cl)NC2=CC=CC=C2C(=O)O
nifenazone,CC1=C(C(=O)N(N1C)C2=CC=CC=C2)NC(=O)C3=CN=CC=C3
Cloxacillin,CC1=C(C(=NO1)C2=CC=CC=C2Cl)C(=O)N[C@H]3[C@@H]4N(C3=O)[C@H](C(S4)(C)C)C(=O)O
Sulfathiazole,C1=CC(=CC=C1N)S(=O)(=O)NC2=NC=CS2
Cimetidine,CC1=C(N=CN1)CSCCNC(=NC)NC#N
Naphazoline,C1CN=C(N1)CC2=CC=CC3=CC=CC=C32
Minaprine,CC1=CC(=NN=C1NCCN2CCOCC2)C3=CC=CC=C3
Amiloride,C1(=C(N=C(C(=N1)Cl)N)N)C(=O)N=C(N)N
Doxylamine,CC(C1=CC=CC=C1)(C2=CC=CC=N2)OCCN(C)C
Pyrimethamine,CCC1=C(C(=NC(=N1)N)N)C2=CC=C(C=C2)Cl
Ticlopidine,C1CN(CC2=C1SC=C2)CC3=CC=CC=C3Cl
Miconazole,C1=CC(=C(C=C1Cl)Cl)COC(CN2C=CN=C2)C3=C(C=C(C=C3)Cl)Cl
Prednisone,C[C@]12CC(=O)[C@H]3[C@H]([C@@H]1CC[C@@]2(C(=O)CO)O)CCC4=CC(=O)C=C[C@]34C
Ethambutol,CC[C@@H](CO)NCCN[C@@H](CC)CO
hexamethonium bromide,C[N+](C)(C)CCCCCC[N+](C)(C)C.Br.Br
Dicyclomine,CCN(CC)CCOC(=O)C1(CCCCC1)C2CCCCC2
Oxetacaine,CC(C)(CC1=CC=CC=C1)N(C)C(=O)CN(CCO)CC(=O)N(C)C(C)(C)CC2=CC=CC=C2
Isoxsuprine,C[C@H](COC1=CC=CC=C1)N[C@H](C)[C@H](C2=CC=C(C=C2)O)O
Hydrochlorothiazide,C1NC2=CC(=C(C=C2S(=O)(=O)N1)S(=O)(=O)N)Cl
Captopril,C[C@H](CS)C(=O)N1CCC[C@H]1C(=O)O
Amylocaine,CCC(C)(CN(C)C)OC(=O)C1=CC=CC=C1
Pheniramine,CN(C)CCC(C1=CC=CC=C1)C2=CC=CC=N2
sulfaguanidine,C1=CC(=CC=C1N)S(=O)(=O)N=C(N)N
Minoxidil,C1CCN(CC1)C2=NC(=N)N(C(=C2)N)O
Tolazoline,C1CN=C(N1)CC2=CC=CC=C2
Tolnaftate,CC1=CC(=CC=C1)N(C)C(=S)OC2=CC3=CC=CC=C3C=C2
khellin,CC1=CC(=O)C2=C(C3=C(C(=C2O1)OC)OC=C3)OC
Apomorphine,CN1CCC2=C3[C@H]1CC4=C(C3=CC=C2)C(=C(C=C4)O)O
Naloxone,C=CCN1CC[C@]23[C@@H]4C(=O)CC[C@]2([C@H]1CC5=C3C(=C(C=C5)O)O4)O
Bromocriptine,CC(C)C[C@H]1C(=O)N2CCC[C@H]2[C@]3(N1C(=O)[C@](O3)(C(C)C)NC(=O)[C@H]4CN([C@@H]5CC6=C(NC7=CC=CC(=C67)C5=C4)Br)C)O
Glipizide,CC1=CN=C(C=N1)C(=O)NCCC2=CC=C(C=C2)S(=O)(=O)NC(=O)NC3CCCCC3
Erythromycin,CC[C@@H]1[C@@]([C@@H]([C@H](C(=O)[C@@H](C[C@@]([C@@H]([C@H]([C@@H]([C@H](C(=O)O1)C)O[C@H]2C[C@@]([C@H]([C@@H](O2)C)O)(C)OC)C)O[C@H]3[C@@H]([C@H](C[C@H](O3)C)N(C)C)O)(C)O)C)C)O)(C)O
cotinine,CN1[C@@H](CCC1=O)C2=CN=CC=C2
Zimelidine,CN(C)CC=C(C1=CC=C(C=C1)Br)C2=CN=CC=C2
Amoxapine,C1CN(CCN1)C2=NC3=CC=CC=C3OC4=C2C=C(C=C4)Cl
metanephrine,CNCC(C1=CC(=C(C=C1)O)OC)O
Dipyridamole,C1CCN(CC1)C2=NC(=NC3=C2N=C(N=C3N4CCCCC4)N(CCO)CCO)N(CCO)CCO
oleandomycin,C[C@@H]1C[C@@H]([C@H]([C@@H](O1)O[C@H]2[C@H](C[C@@]3(CO3)C(=O)[C@@H]([C@H]([C@H]([C@H](OC(=O)[C@@H]([C@H]([C@@H]2C)O[C@H]4C[C@@H]([C@H]([C@@H](O4)C)O)OC)C)C)C)O)C)C)O)N(C)C
edrophonium chloride,CC[N+](C)(C)C1=CC(=CC=C1)O
azacyclonol,C1CNCCC1C(C2=CC=CC=C2)(C3=CC=CC=C3)O
Cyproheptadine,CN1CCC(=C2C3=CC=CC=C3C=CC4=CC=CC=C42)CC1
Ciprofloxacin,C1CC1N2C=C(C(=O)C3=CC(=C(C=C32)N4CCNCC4)F)C(=O)O
Dehydrocholic acid,C[C@H](CCC(=O)O)[C@H]1CC[C@@H]2[C@@]1(C(=O)C[C@H]3[C@H]2C(=O)C[C@H]4[C@@]3(CCC(=O)C4)C)C
Hydroxyzine,C1CN(CCN1CCOCCO)C(C2=CC=CC=C2)C3=CC=C(C=C3)Cl
Chlorhexidine,C1=CC(=CC=C1N/C(=N/C(=NCCCCCCN=C(/N=C(/NC2=CC=C(C=C2)Cl)\N)N)N)/N)Cl
Midecamycin,CCC(=O)O[C@@H]1CC(=O)O[C@@H](C/C=C/C=C/[C@@H]([C@@H](C[C@@H]([C@@H]([C@H]1OC)O[C@H]2[C@@H]([C@H]([C@@H]([C@H](O2)C)O[C@H]3C[C@@]([C@H]([C@@H](O3)C)OC(=O)CC)(C)O)N(C)C)O)CC=O)C)O)C
moroxydine,C1COCCN1C(=N)N=C(N)N
Famotidine,C1=C(N=C(S1)N=C(N)N)CSCCC(=NS(=O)(=O)N)N
Ampicillin,CC1([C@@H](N2[C@H](S1)[C@@H](C2=O)NC(=O)[C@@H](C3=CC=CC=C3)N)C(=O)O)C
Hesperetin,COC1=C(C=C(C=C1)[C@@H]2CC(=O)C3=C(C=C(C=C3O2)O)O)O
Loperamide,CN(C)C(=O)C(CCN1CCC(CC1)(C2=CC=C(C=C2)Cl)O)(C3=CC=CC=C3)C4=CC=CC=C4
Josamycin,C[C@@H]1C/C=C/C=C/[C@@H]([C@@H](C[C@@H]([C@@H]([C@H]([C@@H](CC(=O)O1)OC(=O)C)OC)O[C@H]2[C@@H]([C@H]([C@@H]([C@H](O2)C)O[C@H]3C[C@@]([C@H]([C@@H](O3)C)OC(=O)CC(C)C)(C)O)N(C)C)O)CC=O)C)O
Baclofen,C1=CC(=CC=C1C(CC(=O)O)CN)Cl
Perphenazine,C1CN(CCN1CCCN2C3=CC=CC=C3SC4=C2C=C(C=C4)Cl)CCO
Chlortetracycline,C[C@@]1([C@H]2C[C@H]3[C@@H](C(=O)C(=C([C@]3(C(=O)C2=C(C4=C(C=CC(=C41)Cl)O)O)O)O)C(=O)N)N(C)C)O
Acyclovir,C1=NC2=C(N1COCCO)N=C(NC2=O)N
Lisuride,CCN(CC)C(=O)N[C@@H]1CN([C@@H]2CC3=CNC4=CC=CC(=C34)C2=C1)C
Glyburide,COC1=C(C=C(C=C1)Cl)C(=O)NCCC2=CC=C(C=C2)S(=O)(=O)NC(=O)NC3CCCCC3
Clotrimazole,C1=CC=C(C=C1)C(C2=CC=CC=C2)(C3=CC=CC=C3Cl)N4C=CN=C4
Labetalol,CC(CCC1=CC=CC=C1)NCC(C2=CC(=C(C=C2)O)C(=O)N)O
Clonidine,C1CN=C(N1)NC2=C(C=CC=C2Cl)Cl
Antazoline,C1CN=C(N1)CN(CC2=CC=CC=C2)C3=CC=CC=C3
Bupropion,CC(C(=O)C1=CC(=CC=C1)Cl)NC(C)(C)C
Etacrynic acid,CCC(=C)C(=O)C1=C(C(=C(C=C1)OCC(=O)O)Cl)Cl
Mepyramine,CN(C)CCN(CC1=CC=C(C=C1)OC)C2=CC=CC=N2
Mifepristone,CC#C[C@@]1(CC[C@@H]2[C@@]1(C[C@@H](C3=C4CCC(=O)C=C4CC[C@@H]23)C5=CC=C(C=C5)N(C)C)C)O
Sulfisoxazole,CC1=C(ON=C1C)NS(=O)(=O)C2=CC=C(C=C2)N
Clopamide,C[C@@H]1CCC[C@@H](N1NC(=O)C2=CC(=C(C=C2)Cl)S(=O)(=O)N)C
Methylergometrine,CC[C@@H](CO)NC(=O)[C@H]1CN([C@@H]2CC3=CNC4=CC=CC(=C34)C2=C1)C
Kanamycin,C1[C@H]([C@@H]([C@H]([C@@H]([C@H]1N)O[C@@H]2[C@@H]([C@H]([C@@H]([C@H](O2)CN)O)O)O)O)O[C@@H]3[C@@H]([C@H]([C@@H]([C@H](O3)CO)O)N)O)N
Clenbuterol,CC(C)(C)NCC(C1=CC(=C(C(=C1)Cl)N)Cl)O
Hycanthone,CCN(CC)CCNC1=C2C(=C(C=C1)CO)SC3=CC=CC=C3C2=O
Etoposide,C[C@@H]1OC[C@@H]2[C@@H](O1)[C@@H]([C@H]([C@@H](O2)O[C@H]3[C@H]4COC(=O)[C@@H]4[C@@H](C5=CC6=C(C=C35)OCO6)C7=CC(=C(C(=C7)OC)O)OC)O)O
8-azaguanine,C12=NNN=C1N=C(NC2=O)N
Procaine,CCN(CC)CCOC(=O)C1=CC=C(C=C1)N
Dexpanthenol,CC(C)(CO)[C@H](C(=O)NCCCO)O
Epirizole,CC1=CC(=NC(=N1)N2C(=CC(=N2)C)OC)OC
Hydroflumethiazide,C1NC2=C(C=C(C(=C2)C(F)(F)F)S(=O)(=O)N)S(=O)(=O)N1
Betazole,C1=C(NN=C1)CCN
Triflupromazine,CN(C)CCCN1C2=CC=CC=C2SC3=C1C=C(C=C3)C(F)(F)F
Mefenamic acid,CC1=C(C(=CC=C1)NC2=CC=CC=C2C(=O)O)C
Thiamphenicol,CS(=O)(=O)C1=CC=C(C=C1)[C@H]([C@@H](CO)NC(=O)C(Cl)Cl)O
Diphenhydramine,CN(C)CCOC(C1=CC=CC=C1)C2=CC=CC=C2
adiphenine,CCN(CC)CCOC(=O)C(C1=CC=CC=C1)C2=CC=CC=C2
Dirithromycin,CC[C@@H]1[C@@]([C@H]2[C@H]([C@H]([C@@H](C[C@@]([C@@H]([C@H]([C@@H]([C@H](C(=O)O1)C)O[C@H]3C[C@@]([C@H]([C@@H](O3)C)O)(C)OC)C)O[C@H]4[C@@H]([C@H](C[C@H](O4)C)N(C)C)O)(C)O)C)N[C@H](O2)COCCOC)C)(C)O
Chloroquine,CCN(CC)CCCC(C)NC1=C2C=CC(=CC2=NC=C1)Cl
Mesoridazine,CN1CCCCC1CCN2C3=CC=CC=C3SC4=C2C=C(C=C4)S(=O)C
Etamivan,CCN(CC)C(=O)C1=CC(=C(C=C1)O)OC
clorsulon,C1=C(C(=CC(=C1N)S(=O)(=O)N)S(=O)(=O)N)C(=C(Cl)Cl)Cl
Parthenolide,C/C/1=C\CC[C@@]2([C@@H](O2)[C@@H]3[C@@H](CC1)C(=C)C(=O)O3)C
scoulerine,COC1=C(C2=C(CC3C4=CC(=C(C=C4CCN3C2)OC)O)C=C1)O
Dihydroergocristine,CC(C)[C@@]1(C(=O)N2[C@H](C(=O)N3CCC[C@H]3[C@@]2(O1)O)CC4=CC=CC=C4)NC(=O)[C@@H]5C[C@H]6[C@@H](CC7=CNC8=CC=CC6=C78)N(C5)C
Mometasone,C[C@@H]1C[C@H]2[C@@H]3CCC4=CC(=O)C=C[C@@]4([C@]3([C@H](C[C@@]2([C@]1(C(=O)CCl)O)C)O)Cl)C
lobelanidine,CN1[C@H](CCC[C@H]1C[C@@H](C2=CC=CC=C2)O)C[C@H](C3=CC=CC=C3)O
Ajmaline,CC[C@H]1[C@@H]2C[C@H]3[C@H]4[C@@]5(C[C@@H](C2[C@H]5O)N3[C@@H]1O)C6=CC=CC=C6N4C
dipivefrine,CC(C)(C)C(=O)OC1=C(C=C(C=C1)C(CNC)O)OC(=O)C(C)(C)C
Noscapine,CN1CCC2=CC3=C(C(=C2[C@@H]1[C@@H]4C5=C(C(=C(C=C5)OC)OC)C(=O)O4)OC)OCO3
harmine,CC1=NC=CC2=C1NC3=C2C=CC(=C3)OC
piperlongumine,COC1=CC(=CC(=C1OC)OC)/C=C/C(=O)N2CCC=CC2=O
Atropine,CN1[C@@H]2CC[C@H]1CC(C2)OC(=O)C(CO)C3=CC=CC=C3
Lobeline,CN1[C@@H](CCC[C@@H]1CC(=O)C2=CC=CC=C2)C[C@@H](C3=CC=CC=C3)O
calycanthine,CN1CC[C@@]23[C@@H]4NC5=CC=CC=C5[C@@]2([C@@H]1NC6=CC=CC=C36)CCN4C
"1,4-chrysenequinone",C1=CC=C2C(=C1)C=CC3=C2C=CC4=C3C(=O)C=CC4=O
pseudopelletierine,CN1C2CCCC1CC(=O)C2
Berberine,COC1=C(C2=C[N+]3=C(C=C2C=C1)C4=CC5=C(C=C4CC3)OCO5)OC
Racecadotril,CC(=O)SCC(CC1=CC=CC=C1)C(=O)NCC(=O)OCC2=CC=CC=C2
epivincamine,CC[C@@]12CCCN3[C@@H]1C4=C(CC3)C5=CC=CC=C5N4[C@@](C2)(C(=O)OC)O
aconitine,CCN1C[C@@]2([C@@H](C[C@@H]([C@@]34[C@@H]2[C@H]([C@@H](C31)[C@@]5([C@@H]6[C@H]4C[C@@]([C@@H]6OC(=O)C7=CC=CC=C7)([C@H]([C@@H]5O)OC)O)OC(=O)C)OC)OC)O)COC
(+)-chelidonine,CN1CC2=C(C=CC3=C2OCO3)[C@@H]4[C@H]1C5=CC6=C(C=C5C[C@@H]4O)OCO6
isocorydine,CN1CCC2=CC(=C(C3=C2[C@@H]1CC4=C3C(=C(C=C4)OC)O)OC)OC
meticrane,CC1=CC2=C(C=C1S(=O)(=O)N)S(=O)(=O)CCC2
Moxisylyte,CC1=CC(=C(C=C1OC(=O)C)C(C)C)OCCN(C)C
Imipramine,CN(C)CCCN1C2=CC=CC=C2CCC3=CC=CC=C31
Triamterene,C1=CC=C(C=C1)C2=NC3=C(N=C(N=C3N=C2N)N)N
Acetohexamide,CC(=O)C1=CC=C(C=C1)S(=O)(=O)NC(=O)NC2CCCCC2
Isoflupredone,C[C@]12C[C@@H]([C@]3([C@H]([C@@H]1CC[C@@]2(C(=O)CO)O)CCC4=CC(=O)C=C[C@@]43C)F)O
Sulfaphenazole,C1=CC=C(C=C1)N2C(=CC=N2)NS(=O)(=O)C3=CC=C(C=C3)N
morantel,CC1=C(SC=C1)/C=C/C2=NCCCN2C
todralazine,CCOC(=O)NNC1=NN=CC2=CC=CC=C21
Benzonatate,CCCCNC1=CC=C(C=C1)C(=O)OCCOCCOCCOCCOCCOCCOCCOCCOCCOC
Sulfadiazine,C1=CN=C(N=C1)NS(=O)(=O)C2=CC=C(C=C2)N
Dyphylline,CN1C2=C(C(=O)N(C1=O)C)N(C=N2)CC(CO)O
Naproxen,C[C@@H](C1=CC2=C(C=C1)C=C(C=C2)OC)C(=O)O
Levodopa,C1=CC(=C(C=C1C[C@@H](C(=O)O)N)O)O
Diltiazem,CC(=O)O[C@@H]1[C@@H](SC2=CC=CC=C2N(C1=O)CCN(C)C)C3=CC=C(C=C3)OC
Methotrexate,CN(CC1=CN=C2C(=N1)C(=NC(=N2)N)N)C3=CC=C(C=C3)C(=O)N[C@@H](CCC(=O)O)C(=O)O
Acebutolol,CCCC(=O)NC1=CC(=C(C=C1)OCC(CNC(C)C)O)C(=O)C
Metolazone,CC1NC2=CC(=C(C=C2C(=O)N1C3=CC=CC=C3C)S(=O)(=O)N)Cl
Lynestrenol,C[C@]12CC[C@H]3[C@H]([C@@H]1CC[C@]2(C#C)O)CCC4=CCCC[C@H]34
Danazol,C[C@]12CC[C@H]3[C@H]([C@@H]1CC[C@]2(C#C)O)CCC4=CC5=C(C[C@]34C)C=NO5
Ivermectin,CC[C@@H](C)[C@@H]1[C@H](CC[C@@]2(O1)C[C@@H]3C[C@H](O2)C/C=C(/[C@H]([C@H](/C=C/C=C/4\CO[C@H]5[C@@]4([C@@H](C=C([C@H]5O)C)C(=O)O3)O)C)O[C@H]6C[C@@H]([C@H]([C@@H](O6)C)O[C@H]7C[C@@H]([C@H]([C@@H](O7)C)O)OC)OC)\C)C.C[C@H]1CC[C@]2(C[C@@H]3C[C@H](O2)C/C=C(/[C@H]([C@H](/C=C/C=C/4\CO[C@H]5[C@@]4([C@@H](C=C([C@H]5O)C)C(=O)O3)O)C)O[C@H]6C[C@@H]([C@H]([C@@H](O6)C)O[C@H]7C[C@@H]([C@H]([C@@H](O7)C)O)OC)OC)\C)O[C@@H]1C(C)C
Chlorphenamine,CN(C)CCC(C1=CC=C(C=C1)Cl)C2=CC=CC=N2
acetylsalicylsalicylic acid,CC(=O)OC1=CC=CC=C1C(=O)OC2=CC=CC=C2C(=O)O
Nalbuphine,C1CC(C1)CN2CC[C@]34[C@@H]5[C@H](CC[C@]3([C@H]2CC6=C4C(=C(C=C6)O)O5)O)O
Mianserin,CN1CCN2C(C1)C3=CC=CC=C3CC4=CC=CC=C42
Acenocoumarol,CC(=O)CC(C1=CC=C(C=C1)N(C)C(=O)C)C2=C(C3=CC=CC=C3OC2=O)OC
Triamcinolone,C[C@]12C[C@@H]([C@]3([C@H]([C@@H]1C[C@H]([C@@]2(C(=O)CO)O)O)CCC4=CC(=O)C=C[C@@]43C)F)O
Etodolac,CCC1=C2C(=CC=C1)C3=C(N2)C(OCC3)(CC)CC(=O)O
pentetrazol,C1CCC2=NN=NN2CC1
Levamisole,C1CSC2=N[C@H](CN21)C3=CC=CC=C3
Pyrantel,CN1CCCN=C1/C=C/C2=CC=CS2
antimycin A,CCCCCC[C@@H]1[C@H]([C@@H](OC(=O)[C@H]([C@H](OC1=O)C)NC(=O)C2=C(C(=CC=C2)NC=O)O)C)OC(=O)CC(C)C
Pargyline,CN(CC#C)CC1=CC=CC=C1
Xylometazoline,CC1=CC(=CC(=C1CC2=NCCN2)C)C(C)(C)C
Alverine,CCN(CCCC1=CC=CC=C1)CCCC2=CC=CC=C2
Methocarbamol,COC1=CC=CC=C1OCC(COC(=O)N)O
Nimesulide,CS(=O)(=O)N(C1=CC=CC=C1OC2=CC=CC=C2)S(=O)(=O)C
Gemfibrozil,CC1=CC(=C(C=C1)C)OCCCC(C)(C)C(=O)O
Mafenide,C1=CC(=CC=C1CN)S(=O)(=O)N
Meclofenamic acid,CC1=C(C(=C(C=C1)Cl)NC2=CC=CC=C2C(=O)O)Cl
Rescinnamine,CO[C@H]1[C@@H](C[C@@H]2CN3CCC4=C([C@H]3C[C@@H]2[C@@H]1C(=O)OC)NC5=C4C=CC(=C5)OC)OC(=O)C=CC6=CC(=C(C(=C6)OC)OC)OC
Galantamine,CN1CC[C@@]23C=C[C@@H](C[C@@H]2OC4=C(C=CC(=C34)C1)OC)O
Ergoloid mesylate,CCC(C)(C)C1C(=O)N2CCCC2C3(N1C(=O)C(O3)(C(C)C)NC(=O)C4CC5C(CC6=CNC7=CC=CC5=C67)N(C4)C)O
palmatine,COC1=C(C2=C[N+]3=C(C=C2C=C1)C4=CC(=C(C=C4CC3)OC)OC)OC
Bicuculline,CN1CCC2=CC3=C(C=C2[C@H]1[C@H]4C5=C(C6=C(C=C5)OCO6)C(=O)O4)OCO3
canavanine,C(CON=C(N)N)[C@@H](C(=O)O)N
Diflorasone,C[C@H]1C[C@H]2[C@@H]3C[C@@H](C4=CC(=O)C=C[C@@]4([C@]3([C@H](C[C@@]2([C@]1(C(=O)CO)O)C)O)F)C)F
gramine,CN(C)CC1=CNC2=CC=CC=C21
protoveratrine A,CC[C@@H](C)C(=O)O[C@H]1[C@@H]([C@H]2[C@@H](CN3C[C@H](CC[C@H]3[C@@]2(C)O)C)[C@H]4[C@@]1([C@@H]5[C@@H]([C@@H]([C@H]6[C@]7([C@]5(C4)O[C@@]6([C@H](CC7)OC(=O)[C@](C)(CC)O)O)C)OC(=O)C)OC(=O)C)O)O
emetine,CC[C@H]1CN2CCC3=CC(=C(C=C3[C@@H]2C[C@@H]1C[C@@H]4C5=CC(=C(C=C5CCN4)OC)OC)OC)OC
yohimbic acid,C1C[C@@H]([C@@H]([C@@H]2[C@@H]1CN3CCC4=C([C@@H]3C2)NC5=CC=CC=C45)C(=O)O)O
Harmaline,CC1=NCCC2=C1NC3=C2C=CC(=C3)OC
harman,CC1=NC=CC2=C1NC3=CC=CC=C23
solanine,CC1CCC2C(C3C(N2C1)CC4C3(CCC5C4CC=C6C5(CCC(C6)OC7C(C(C(C(O7)CO)O)OC8C(C(C(C(O8)CO)O)O)O)OC9C(C(C(C(O9)C)O)O)O)C)C)C
sulmazole,COC1=C(C=CC(=C1)S(=O)C)C2=NC3=C(N2)C=CC=N3
Glimepiride,CCC1=C(CN(C1=O)C(=O)NCCC2=CC=C(C=C2)S(=O)(=O)NC(=O)NC3CCC(CC3)C)C
Dydrogesterone,CC(=O)[C@H]1CC[C@@H]2[C@@]1(CC[C@@H]3[C@H]2C=CC4=CC(=O)CC[C@@]34C)C
Sulfabenzamide,C1=CC=C(C=C1)C(=O)NS(=O)(=O)C2=CC=C(C=C2)N
picrotoxinin,CC(=C)[C@@H]1[C@@H]2[C@@H]3[C@@]4([C@]([C@H]1C(=O)O2)(C[C@@H]5[C@]4(O5)C(=O)O3)O)C
gelsemine,CN1C[C@]2([C@@H]3C[C@@H]4[C@]5([C@H]2[C@H]1[C@H]3CO4)C6=CC=CC=C6NC5=O)C=C
canadine,COC1=C(C2=C(CC3C4=CC5=C(C=C4CCN3C2)OCO5)C=C1)OC
succinylsulfathiazole,C1=CC(=CC=C1NC(=O)CCC(=O)O)S(=O)(=O)NC2=NC=CS2
Benzocaine,CCOC(=O)C1=CC=C(C=C1)N
Flunisolide,C[C@]12C[C@@H]([C@H]3[C@H]([C@@H]1C[C@@H]4[C@]2(OC(O4)(C)C)C(=O)CO)C[C@@H](C5=CC(=O)C=C[C@]35C)F)O
mepenzolate bromide,C[N+]1(CCCC(C1)OC(=O)C(C2=CC=CC=C2)(C3=CC=CC=C3)O)C.Br
eldeline,CCN1CC2(CCC(C34C2C(C5(C31)C6(CC(C7CC4(C6C7OC)O)OC)OCO5)OC(=O)C)OC)C
pempidine,CC1(CCCC(N1C)(C)C)C
famprofazone,CC(C)C1=C(N(N(C1=O)C2=CC=CC=C2)C)CN(C)C(C)CC3=CC=CC=C3
metamizole sodium,CC1=C(C(=O)N(N1C)C2=CC=CC=C2)N(C)CS(=O)(=O)O
citiolone,CC(=O)NC1CCSC1=O
heliotrine,C[C@H]([C@@](C(C)C)(C(=O)OCC1=CCN2[C@H]1[C@H](CC2)O)O)OC
Sulfamerazine,CC1=NC(=NC=C1)NS(=O)(=O)C2=CC=C(C=C2)N
Bromopride,CCN(CC)CCNC(=O)C1=CC(=C(C=C1OC)N)Br
Isosorbide,C1[C@H]([C@@H]2[C@H](O1)[C@H](CO2)O)O
Halcinonide,C[C@]12CCC(=O)C=C1CC[C@@H]3[C@@]2([C@H](C[C@]4([C@H]3C[C@@H]5[C@]4(OC(O5)(C)C)C(=O)CCl)C)O)F
acacetin,COC1=CC=C(C=C1)C2=CC(=O)C3=C(C=C(C=C3O2)O)O
Sulfachlorpyridazine,C1=CC(=CC=C1N)S(=O)(=O)NC2=NN=C(C=C2)Cl
helveticoside,C[C@@H]1[C@H]([C@H](C[C@@H](O1)O[C@H]2CC[C@@]3([C@H]4CC[C@@]5([C@H](CC[C@@]5([C@@H]4CC[C@@]3(C2)O)O)C6=CC(=O)OC6)C)C=O)O)O
beta-escin,C/C=C(/C)\C(=O)O[C@H]1[C@@H]([C@@]2([C@@H](C[C@@]3(C(=CC[C@H]4[C@]3(CC[C@@H]5[C@@]4(CC[C@@H]([C@]5(C)CO)O[C@H]6[C@@H]([C@H]([C@@H]([C@H](O6)C(=O)O)O[C@H]7[C@@H]([C@H]([C@@H]([C@H](O7)CO)O)O)O)O)O[C@H]8[C@@H]([C@H]([C@@H]([C@H](O8)CO)O)O)O)C)C)[C@@H]2CC1(C)C)C)O)CO)OC(=O)C
lycorine,C1CN2CC3=CC4=C(C=C3[C@H]5[C@H]2C1=C[C@@H]([C@H]5O)O)OCO4
Chlorcyclizine,CN1CCN(CC1)C(C2=CC=CC=C2)C3=CC=C(C=C3)Cl
Pramocaine,CCCCOC1=CC=C(C=C1)OCCCN2CCOCC2
foliosidine,CC(C)(C(COC1=CC=CC2=C1N(C(=O)C=C2OC)C)O)O
Gossypol,CC1=CC2=C(C(=C(C(=C2C(C)C)O)O)C=O)C(=C1C3=C(C4=C(C=C3C)C(=C(C(=C4C=O)O)O)C(C)C)O)O
karakoline,CCN1C[C@@]2(CC[C@@H]([C@@]34[C@@H]2C[C@@H](C31)[C@]5(C[C@@H]([C@H]6C[C@@H]4[C@@H]5[C@H]6O)OC)O)O)C
etiocholanolone,C[C@]12CC[C@H](C[C@H]1CC[C@@H]3[C@@H]2CC[C@]4([C@H]3CCC4=O)C)O
Diphenylpyraline,CN1CCC(CC1)OC(C2=CC=CC=C2)C3=CC=CC=C3
Finasteride,C[C@]12CC[C@H]3[C@H]([C@@H]1CC[C@@H]2C(=O)NC(C)(C)C)CC[C@@H]4[C@@]3(C=CC(=O)N4)C
Naltrexone,C1CC1CN2CC[C@]34[C@@H]5C(=O)CC[C@]3([C@H]2CC6=C4C(=C(C=C6)O)O5)O
Astemizole,COC1=CC=C(C=C1)CCN2CCC(CC2)NC3=NC4=CC=CC=C4N3CC5=CC=C(C=C5)F
Disulfiram,CCN(CC)C(=S)SSC(=S)N(CC)CC
Aminophenazone,CC1=C(C(=O)N(N1C)C2=CC=CC=C2)N(C)C
Nomifensine,CN1CC(C2=C(C1)C(=CC=C2)N)C3=CC=CC=C3
Terfenadine,CC(C)(C)C1=CC=C(C=C1)C(CCCN2CCC(CC2)C(C3=CC=CC=C3)(C4=CC=CC=C4)O)O
Canrenoic acid,C[C@]12CCC(=O)C=C1C=C[C@@H]3[C@@H]2CC[C@]4([C@H]3CC[C@]4(CCC(=O)O)O)C
ursolic acid,C[C@@H]1CC[C@@]2(CC[C@@]3(C(=CC[C@H]4[C@]3(CC[C@@H]5[C@@]4(CC[C@@H](C5(C)C)O)C)C)[C@@H]2[C@H]1C)C)C(=O)O
picotamide,COC1=C(C=C(C=C1)C(=O)NCC2=CN=CC=C2)C(=O)NCC3=CN=CC=C3
Pirenzepine,CN1CCN(CC1)CC(=O)N2C3=CC=CC=C3C(=O)NC4=C2N=CC=C4
Tetracycline,C[C@@]1([C@H]2C[C@H]3[C@@H](C(=O)C(=C([C@]3(C(=O)C2=C(C4=C1C=CC=C4O)O)O)O)C(=O)N)N(C)C)O
Gentamicin,CC(C1CCC(C(O1)OC2C(CC(C(C2O)OC3C(C(C(CO3)(C)O)NC)O)N)N)N)NC
Isoniazid,C1=CN=CC=C1C(=O)NN
Norfloxacin,CCN1C=C(C(=O)C2=CC(=C(C=C21)N3CCNCC3)F)C(=O)O
Tiratricol,C1=CC(=C(C=C1OC2=C(C=C(C=C2I)CC(=O)O)I)I)O
Oxolinic acid,CCN1C=C(C(=O)C2=CC3=C(C=C21)OCO3)C(=O)O
Ornidazole,CC1=NC=C(N1CC(CCl)O)SCC(C(=O)O)N
Flumequine,CC1CCC2=C3N1C=C(C(=O)C3=CC(=C2)F)C(=O)O
Oxymetazoline,CC1=CC(=C(C(=C1CC2=NCCN2)C)O)C(C)(C)C
Aceclofenac,C1=CC=C(C(=C1)CC(=O)OCC(=O)O)NC2=C(C=CC=C2Cl)Cl
mefexamide,CCN(CC)CCNC(=O)COC1=CC=C(C=C1)OC
Metampicillin,CC1([C@@H](N2[C@H](S1)[C@@H](C2=O)NC(=O)[C@@H](C3=CC=CC=C3)N=C)C(=O)O)C
Iproniazid,CC(C)NNC(=O)C1=CC=NC=C1
Pentoxifylline,CC(=O)CCCCN1C(=O)C2=C(N=CN2C)N(C1=O)C
Tiapride,CCN(CC)CCNC(=O)C1=C(C=CC(=C1)S(=O)(=O)C)OC
Griseofulvin,C[C@@H]1CC(=O)C=C([C@]12C(=O)C3=C(O2)C(=C(C=C3OC)OC)Cl)OC
Riluzole,C1=CC2=C(C=C1OC(F)(F)F)SC(=N2)N
Sulfamethoxazole,CC1=CC(=NO1)NS(=O)(=O)C2=CC=C(C=C2)N
Nalidixic acid,CCN1C=C(C(=O)C2=C1N=C(C=C2)C)C(=O)O
Metaraminol,C[C@@H]([C@@H](C1=CC(=CC=C1)O)O)N
kawain,COC1=CC(=O)O[C@H](C1)/C=C/C2=CC=CC=C2
Mebendazole,COC(=O)NC1=NC2=C(N1)C=C(C=C2)C(=O)C3=CC=CC=C3
clemizole,C1CCN(C1)CC2=NC3=CC=CC=C3N2CC4=CC=C(C=C4)Cl
Ofloxacin,CC1COC2=C3N1C=C(C(=O)C3=CC(=C2N4CCN(CC4)C)F)C(=O)O
Nitrofurantoin,C1C(=O)NC(=O)N1/N=C/C2=CC=C(O2)NC3C(C(C(C(O3)C(=O)O)O)O)O
Mephenesin,CC1=CC=CC=C1OCC(CO)O
Pentolinium,C[N+]1(CCCC1)CCCCC[N+]2(CCCC2)C
Salbutamol,CC(C)(C)NCC(C1=CC(=C(C=C1)O)CO)O
Trimethoprim,COC1=CC(=CC(=C1OC)OC)CC2=CN=C(N=C2N)N
Fenbufen,C1=CC=C(C=C1)C2=CC=C(C=C2)C(=O)CCC(=O)O
Tropicamide,CCN(CC1=CC=NC=C1)C(=O)C(CO)C2=CC=CC=C2
Lomefloxacin,CCN1C=C(C(=O)C2=CC(=C(C(=C21)F)N3CCNC(C3)C)F)C(=O)O
Hydralazine,C1=CC=C2C(=C1)C=NN=C2NN
Phenformin,C1=CC=C(C=C1)CCN=C(N)N=C(N)N
6-benzylaminopurine,C1=CC=C(C=C1)CNC2=NC=NC3=C2NC=N3
Prilocaine,CCCNC(C)C(=O)NC1=CC=CC=C1C
Metoclopramide,CCN(CC)CCNC(=O)C1=CC(=C(C=C1OC)N)Cl
Ketoprofen,CC(C1=CC(=CC=C1)C(=O)C2=CC=CC=C2)C(=O)O
Nefopam,CN1CCOC(C2=CC=CC=C2C1)C3=CC=CC=C3
Orphenadrine,CC1=CC=CC=C1C(C2=CC=CC=C2)OCCN(C)C
Phenelzine,C1=CC=C(C=C1)CCNN
Tolbutamide,CCCCNC(=O)NS(=O)(=O)C1=CC=C(C=C1)C
Camptothecin,CC[C@@]1(C2=C(COC1=O)C(=O)N3CC4=CC5=CC=CC=C5N=C4C3=C2)O
Phentolamine,CC1=CC=C(C=C1)N(CC2=NCCN2)C3=CC(=CC=C3)O
ethisterone,C[C@]12CCC(=O)C=C1CC[C@@H]3[C@@H]2CC[C@]4([C@H]3CC[C@]4(C#C)O)C
Vincamine,CC[C@@]12CCCN3[C@@H]1C4=C(CC3)C5=CC=CC=C5N4[C@](C2)(C(=O)OC)O
dilazep,COC1=CC(=CC(=C1OC)OC)C(=O)OCCCN2CCCN(CC2)CCCOC(=O)C3=CC(=C(C(=C3)OC)OC)OC
fenbendazole,COC(=O)NC1=NC2=C(N1)C=C(C=C2)SC3=CC=CC=C3
proglumide,CCCN(CCC)C(=O)C(CCC(=O)O)NC(=O)C1=CC=CC=C1
Lisinopril,C1C[C@H](N(C1)C(=O)[C@H](CCCCN)N[C@@H](CCC2=CC=CC=C2)C(=O)O)C(=O)O
Ifenprodil,CC(C(C1=CC=C(C=C1)O)O)N2CCC(CC2)CC3=CC=CC=C3
Flavoxate,CC1=C(OC2=C(C1=O)C=CC=C2C(=O)OCCN3CCCCC3)C4=CC=CC=C4
Triprolidine,CC1=CC=C(C=C1)/C(=C\CN2CCCC2)/C3=CC=CC=N3
Fenoterol,CC(CC1=CC=C(C=C1)O)NCC(C2=CC(=CC(=C2)O)O)O
Trazodone,C1CN(CCN1CCCN2C(=O)N3C=CC=CC3=N2)C4=CC(=CC=C4)Cl
Doxepin,CN(C)CC/C=C\1/C2=CC=CC=C2COC3=CC=CC=C31
Cortisone,C[C@]12CCC(=O)C=C1CC[C@@H]3[C@@H]2C(=O)C[C@]4([C@H]3CC[C@@]4(C(=O)CO)O)C
homochlorcyclizine,CN1CCCN(CC1)C(C2=CC=CC=C2)C3=CC=C(C=C3)Cl
glafenine,C1=CC=C(C(=C1)C(=O)OCC(CO)O)NC2=C3C=CC(=CC3=NC=C2)Cl
telenzepine,CC1=C2C(=CS1)C(=O)NC3=CC=CC=C3N2C(=O)CN4CCN(CC4)C
Nortriptyline,CNCCC=C1C2=CC=CC=C2CCC3=CC=CC=C31
Dyclonine,CCCCOC1=CC=C(C=C1)C(=O)CCN2CCCCC2
Diethylcarbamazine,CCN(CC)C(=O)N1CCN(CC1)C
pimethixene,CN1CCC(=C2C3=CC=CC=C3SC4=CC=CC=C42)CC1
Enalapril,CCOC(=O)[C@H](CCC1=CC=CC=C1)N[C@@H](C)C(=O)N2CCC[C@H]2C(=O)O
dropropizine,C1CN(CCN1CC(CO)O)C2=CC=CC=C2
Niflumic Acid,C1=CC(=CC(=C1)NC2=C(C=CC=N2)C(=O)O)C(F)(F)F
Fenofibrate,CC(C)OC(=O)C(C)(C)OC1=CC=C(C=C1)C(=O)C2=CC=C(C=C2)Cl
Pergolide,CCCN1C[C@@H](C[C@H]2[C@H]1CC3=CNC4=CC=CC2=C34)CSC
Bupivacaine,CCCCN1CCCCC1C(=O)NC2=C(C=CC=C2C)C
Minocycline,CN(C)[C@H]1[C@@H]2C[C@@H]3CC4=C(C=CC(=C4C(=C3C(=O)[C@@]2(C(=C(C1=O)C(=O)N)O)O)O)O)N(C)C
Pinacidil,CC(C(C)(C)C)N=C(NC#N)NC1=CC=NC=C1
Isotretinoin,CC1=C(C(CCC1)(C)C)/C=C/C(=C/C=C/C(=C\C(=O)O)/C)/C
Disopyramide,CC(C)N(CCC(C1=CC=CC=C1)(C2=CC=CC=N2)C(=O)N)C(C)C
Acemetacin,CC1=C(C2=C(N1C(=O)C3=CC=C(C=C3)Cl)C=CC(=C2)OC)CC(=O)OCC(=O)O
Digoxin,C[C@@H]1[C@H]([C@H](C[C@@H](O1)O[C@@H]2[C@H](O[C@H](C[C@@H]2O)O[C@@H]3[C@H](O[C@H](C[C@@H]3O)O[C@H]4CC[C@]5([C@@H](C4)CC[C@@H]6[C@@H]5C[C@H]([C@]7([C@@]6(CC[C@@H]7C8=CC(=O)OC8)O)C)O)C)C)C)O)O
Meclizine,CC1=CC(=CC=C1)CN2CCN(CC2)C(C3=CC=CC=C3)C4=CC=C(C=C4)Cl
naringin,C[C@H]1[C@@H]([C@H]([C@H]([C@@H](O1)O[C@@H]2[C@H]([C@@H]([C@H](O[C@H]2OC3=CC(=C4C(=O)C[C@H](OC4=C3)C5=CC=C(C=C5)O)O)CO)O)O)O)O)O
Progesterone,CC(=O)[C@H]1CC[C@@H]2[C@@]1(CC[C@H]3[C@H]2CCC4=CC(=O)CC[C@]34C)C
Butoconazole,C1=CC(=C(C(=C1)Cl)SC(CCC2=CC=C(C=C2)Cl)CN3C=CN=C3)Cl
Biotin,C1[C@H]2[C@@H]([C@@H](S1)CCCCC(=O)O)NC(=O)N2
cephaeline,CC[C@H]1CN2CCC3=CC(=C(C=C3[C@@H]2C[C@@H]1C[C@@H]4C5=CC(=C(C=C5CCN4)O)OC)OC)OC
velnacrine,C1CC(C2=C(C3=CC=CC=C3N=C2C1)N)O
Melatonin,CC(=O)NCCC1=CNC2=C1C=C(C=C2)OC
neostigmine bromide,CN(C)C1=CC=C(C=C1)OC(=O)N(C)C
Amiodarone,CCCCC1=C(C2=CC=CC=C2O1)C(=O)C3=CC(=C(C(=C3)I)OCCN(CC)CC)I
Bisacodyl,CC(=O)OC1=CC=C(C=C1)C(C2=CC=C(C=C2)OC(=O)C)C3=CC=CC=N3
Cholecalciferol,C[C@H](CCCC(C)C)[C@H]1CC[C@@H]\2[C@@]1(CCC/C2=C\C=C/3\C[C@H](CCC3=C)O)C
Carbimazole,CCOC(=O)N1C=CN(C1=S)C
Pilocarpine,CC[C@H]1[C@H](COC1=O)CC2=CN=CN2C
Menadione,CC1=CC(=O)C2=CC=CC=C2C1=O
Amphotericin B,C[C@H]1/C=C/C=C/C=C/C=C/C=C/C=C/C=C/[C@@H](C[C@H]2[C@@H]([C@H](C[C@](O2)(C[C@H](C[C@H]([C@@H](CC[C@H](C[C@H](CC(=O)O[C@H]([C@@H]([C@@H]1O)C)C)O)O)O)O)O)O)O)C(=O)O)O[C@H]3[C@H]([C@H]([C@@H]([C@H](O3)C)O)N)O
Ergocalciferol,C[C@H](/C=C/[C@H](C)C(C)C)[C@H]1CC[C@@H]\2[C@@]1(CCC/C2=C\C=C/3\C[C@H](CCC3=C)O)C
Cisapride,CO[C@H]1CN(CC[C@H]1NC(=O)C2=CC(=C(C=C2OC)N)Cl)CCCOC3=CC=C(C=C3)F
epiandrosterone,C[C@]12CC[C@@H](C[C@@H]1CC[C@@H]3[C@@H]2CC[C@]4([C@H]3CCC4=O)C)O
Dicloxacillin,CC1=C(C(=NO1)C2=C(C=CC=C2Cl)Cl)C(=O)N[C@H]3[C@@H]4N(C3=O)[C@H](C(S4)(C)C)C(=O)O
Dinoprost,CCCCC[C@@H](/C=C/[C@H]1[C@@H](C[C@@H]([C@@H]1C/C=C\CCCC(=O)O)O)O)O
Ceforanide,C1C(=C(N2[C@H](S1)[C@@H](C2=O)NC(=O)CC3=CC=CC=C3CN)C(=O)O)CSC4=NN=NN4CC(=O)O
Puromycin,CN(C)C1=NC=NC2=C1N=CN2[C@H]3[C@@H]([C@@H]([C@H](O3)CO)NC(=O)[C@H](CC4=CC=C(C=C4)OC)N)O
Metixene,CN1CCCC(C1)CC2C3=CC=CC=C3SC4=CC=CC=C24
Vigabatrin,C=CC(CCC(=O)O)N
Fluoxetine,CNCCC(C1=CC=CC=C1)OC2=CC=C(C=C2)C(F)(F)F
Glycocholic acid,C[C@H](CCC(=O)NCC(=O)O)[C@H]1CC[C@@H]2[C@@]1([C@H](C[C@H]3[C@H]2[C@@H](C[C@H]4[C@@]3(CC[C@H](C4)O)C)O)O)C
pirenperone,CC1=C(C(=O)N2C=CC=CC2=N1)CCN3CCC(CC3)C(=O)C4=CC=C(C=C4)F
Ciclopirox,CC1=CC(=O)N(C(=C1)C2CCCCC2)O
Hexetidine,CCCCC(CC)CN1CC(CN(C1)CC(CC)CCCC)(C)N
Cefotiam,CN(C)CCN1C(=NN=N1)SCC2=C(N3[C@@H]([C@@H](C3=O)NC(=O)CC4=CSC(=N4)N)SC2)C(=O)O
Biperiden,C1CCN(CC1)CCC(C2CC3CC2C=C3)(C4=CC=CC=C4)O
Iohexol,CC(=O)N(CC(CO)O)C1=C(C(=C(C(=C1I)C(=O)NCC(CO)O)I)C(=O)NCC(CO)O)I
thiostrepton,CC[C@H](C)[C@H]1C(=O)N[C@H](C(=O)NC(=C)C(=O)N[C@H](C(=O)N[C@]23CCC(=N[C@@H]2C4=CSC(=N4)[C@H]([C@H](OC(=O)C5=NC6=C(C=C[C@H]([C@@H]6O)N1)C(=C5)[C@H](C)O)C)NC(=O)C7=CSC(=N7)[C@@H](NC(=O)[C@H]8CSC(=N8)/C(=C/C)/NC(=O)[C@@H](NC(=O)C9=CSC3=N9)[C@@H](C)O)[C@@](C)([C@@H](C)O)O)C1=NC(=CS1)C(=O)NC(=C)C(=O)NC(=C)C(=O)N)C)C
salsolidin,C[C@H]1C2=CC(=C(C=C2CCN1)OC)OC
Probenecid,CCCN(CCC)S(=O)(=O)C1=CC=C(C=C1)C(=O)O
Selegiline,C[C@H](CC1=CC=CC=C1)N(C)CC#C
6-azathymine,CC1=NNC(=O)NC1=O
Omeprazole,CC1=CN=C(C(=C1OC)C)CS(=O)C2=NC3=C(N2)C=C(C=C3)OC
Cetirizine,C1CN(CCN1CCOCC(=O)O)C(C2=CC=CC=C2)C3=CC=C(C=C3)Cl
norcyclobenzaprine,CNCCC=C1C2=CC=CC=C2C=CC3=CC=CC=C31
Phenacetin,CCOC1=CC=C(C=C1)NC(=O)C
Betahistine,CNCCC1=CC=CC=N1
Benperidol,C1CN(CCC1N2C3=CC=CC=C3NC2=O)CCCC(=O)C4=CC=C(C=C4)F
Propylthiouracil,CCCC1=CC(=O)NC(=S)N1
etifenin,CCC1=C(C(=CC=C1)CC)NC(=O)CN(CC(=O)O)CC(=O)O
Pyrazinamide,C1=CN=C(C=N1)C(=O)N
Thiabendazole,C1=CC=C2C(=C1)NC(=N2)C3=CSC=N3
Atovaquone,C1CC(CCC1C2=CC=C(C=C2)Cl)C3=C(C4=CC=CC=C4C(=O)C3=O)O
Tolazamide,CC1=CC=C(C=C1)S(=O)(=O)NC(=O)NN2CCCCCC2
Cefaclor,C1C(=C(N2[C@H](S1)[C@@H](C2=O)NC(=O)[C@@H](C3=CC=CC=C3)N)C(=O)O)Cl
Terconazole,CC(C)N1CCN(CC1)C2=CC=C(C=C2)OC[C@H]3CO[C@](O3)(CN4C=NC=N4)C5=C(C=C(C=C5)Cl)Cl
Orciprenaline,CC(C)NCC(C1=CC(=CC(=C1)O)O)O
Trimethadione,CC1(C(=O)N(C(=O)O1)C)C
Methoxamine,CC(C(C1=C(C=CC(=C1)OC)OC)O)N
nifuroxazide,C1=CC(=CC=C1C(=O)NN)O
Colistin,CCC(C)CCCC(=O)N[C@@H](CCN)C(=O)N[C@@H]([C@@H](C)O)C(=O)N[C@@H](CCN)C(=O)N[C@H]1CCNC(=O)C(NC(=O)[C@H](NC(=O)[C@@H](NC(=O)[C@H](NC(=O)[C@H](NC(=O)[C@@H](NC1=O)CCN)CC(C)C)CC(C)C)CCN)CCN)[C@@H](C)O
Tiaprofenic acid,CC(C1=CC=C(S1)C(=O)C2=CC=CC=C2)C(=O)O
Sisomicin,C[C@@]1(CO[C@@H]([C@@H]([C@H]1NC)O)O[C@H]2[C@@H](C[C@@H]([C@H]([C@@H]2O)O[C@@H]3[C@@H](CC=C(O3)CN)N)N)N)O
Lovastatin,CC[C@H](C)C(=O)O[C@H]1C[C@H](C=C2[C@H]1[C@H]([C@H](C=C2)C)CC[C@@H]3C[C@H](CC(=O)O3)O)C
Ethionamide,CCC1=NC=CC(=C1)C(=S)N
Pregnenolone,CC(=O)[C@H]1CC[C@@H]2[C@@]1(CC[C@H]3[C@H]2CC=C4[C@@]3(CC[C@@H](C4)O)C)C
Vancomycin,C[C@H]1[C@H]([C@@](C[C@@H](O1)O[C@@H]2[C@H]([C@@H]([C@H](O[C@H]2OC3=C4C=C5C=C3OC6=C(C=C(C=C6)[C@H]([C@H](C(=O)N[C@H](C(=O)N[C@H]5C(=O)N[C@@H]7C8=CC(=C(C=C8)O)C9=C(C=C(C=C9O)O)[C@H](NC(=O)[C@H]([C@@H](C1=CC(=C(O4)C=C1)Cl)O)NC7=O)C(=O)O)CC(=O)N)NC(=O)[C@@H](CC(C)C)NC)O)Cl)CO)O)O)(C)N)O
Nystatin,C[C@@H]1[C@H]([C@@H]([C@@H](C(O1)OC\2CC(C(C(CC(=O)CC(C(CCC(CC(CC(CC(=O)OC(C(C(C(/C=C/C=C/CC/C=C/C=C/C=C/C=C2)C)O)C)C)O)O)O)O)O)O)C(=O)O)O)O)N)O
Tenoxicam,CN1C(=C(C2=C(S1(=O)=O)C=CS2)O)C(=O)NC3=CC=CC=N3
Suxibuzone,CCCCC1(C(=O)N(N(C1=O)C2=CC=CC=C2)C3=CC=CC=C3)COC(=O)CCC(=O)O
skimmianine,COC1=C(C2=C(C=C1)C(=C3C=COC3=N2)OC)OC
ricinine,CN1C=CC(=C(C1=O)C#N)OC
estropipate,C[C@]12CC[C@H]3[C@H]([C@@H]1CCC2=O)CCC4=C3C=CC(=C4)OS(=O)(=O)O.C1CNCCN1
Tetryzoline,C1CC(C2=CC=CC=C2C1)C3=NCCN3
Fluorometholone,C[C@H]1C[C@H]2[C@@H]3CC[C@@]([C@]3(C[C@@H]([C@@]2([C@@]4(C1=CC(=O)C=C4)C)F)O)C)(C(=O)C)O
Kinetin,C1=COC(=C1)CNC2=NC=NC3=C2NC=N3
anabasine,C1CCN[C@@H](C1)C2=CN=CC=C2
delsoline,CCN1C[C@@]2(CC[C@@H]([C@]34[C@H]1[C@]([C@H](C23)OC)([C@]5(C[C@@H]([C@H]6CC4C5[C@H]6OC)OC)O)O)O)COC
Hexestrol,CC[C@H](C1=CC=C(C=C1)O)[C@@H](CC)C2=CC=C(C=C2)O
Trioxsalen,CC1=CC(=O)OC2=C1C=C3C=C(OC3=C2C)C
Cefalotin,CC(=O)OCC1=C(N2[C@@H]([C@@H](C2=O)NC(=O)CC3=CC=CS3)SC1)C(=O)O
butirosin,C1[C@@H]([C@H]([C@@H]([C@H]([C@@H]1NC(=O)[C@@H](CCN)O)O)O[C@@H]2[C@@H]([C@@H]([C@H](O2)CO)O)O)O[C@@H]3[C@@H]([C@H]([C@@H]([C@H](O3)CN)O)O)N)N
abamectin,CCC(C)[C@@H]1[C@H](C=C[C@@]2(O1)C[C@@H]3C[C@H](O2)C/C=C(/[C@H]([C@H](/C=C/C=C/4\CO[C@H]5[C@@]4([C@@H](C=C([C@H]5O)C)C(=O)O3)O)C)O[C@H]6C[C@@H]([C@H]([C@@H](O6)C)O[C@H]7C[C@@H]([C@H]([C@@H](O7)C)O)OC)OC)\C)C.C[C@H]1/C=C/C=C/2\CO[C@H]3[C@@]2([C@@H](C=C([C@H]3O)C)C(=O)O[C@H]4C[C@@H](C/C=C(/[C@H]1O[C@H]5C[C@@H]([C@H]([C@@H](O5)C)O[C@H]6C[C@@H]([C@H]([C@@H](O6)C)O)OC)OC)\C)O[C@]7(C4)C=C[C@@H]([C@H](O7)C(C)C)C)O
Tetrandrine,CN1CCC2=CC(=C3C=C2[C@@H]1CC4=CC=C(C=C4)OC5=C(C=CC(=C5)C[C@H]6C7=C(O3)C(=C(C=C7CCN6C)OC)OC)OC)OC
fluorocurarine,C/C=C\1/C[N@@+]2(CC[C@@]34[C@@H]2C[C@@H]1C(=C3NC5=CC=CC=C45)C=O)C
napelline,CCN1C[C@@]2(CC[C@@H]([C@@]34[C@@H]2C[C@@H](C31)[C@]56[C@H]4C[C@@H]([C@@H](C5)C(=C)[C@H]6O)O)O)C
Cefmetazole,CN1C(=NN=N1)SCC2=C(N3[C@@H]([C@@](C3=O)(NC(=O)CSCC#N)OC)SC2)C(=O)O
strophanthidin,C[C@]12CC[C@H]3[C@H]([C@]1(CC[C@@H]2C4=CC(=O)OC4)O)CC[C@]5([C@@]3(CC[C@@H](C5)O)C=O)O
Cefuroxime,CO/N=C(/C1=CC=CO1)\C(=O)N[C@H]2[C@@H]3N(C2=O)C(=C(CS3)COC(=O)N)C(=O)O
altizide,C=CCSCC1NC2=CC(=C(C=C2S(=O)(=O)N1)S(=O)(=O)N)Cl
sulfaquinoxaline,C1=CC=C2C(=C1)N=CC(=N2)NS(=O)(=O)C3=CC=C(C=C3)N
Nadide,C1=CC(=C[N+](=C1)[C@H]2[C@@H]([C@@H]([C@H](O2)COP(=O)(O)OP(=O)(O)OC[C@@H]3[C@H]([C@H]([C@@H](O3)N4C=NC5=C(N=CN=C54)N)O)O)O)O)C(=O)N
Terazosin,COC1=C(C=C2C(=C1)C(=NC(=N2)N3CCN(CC3)C(=O)C4CCCO4)N)OC
Butamben,CCCCOC(=O)C1=CC=C(C=C1)N
Alclometasone,C[C@@H]1C[C@H]2[C@@H]3[C@@H](CC4=CC(=O)C=C[C@@]4([C@H]3[C@H](C[C@@]2([C@]1(C(=O)CO)O)C)O)C)Cl
ramifenazone,CC1=C(C(=O)N(N1C)C2=CC=CC=C2)NC(C)C
Streptozocin,CN(C(=O)N[C@@H]1[C@H]([C@@H]([C@H](O[C@@H]1O)CO)O)O)N=O
Sulfamethizole,CC1=NN=C(S1)NS(=O)(=O)C2=CC=C(C=C2)N
Phenazopyridine,C1=CC=C(C=C1)N=NC2=C(N=C(C=C2)N)N
Sulfapyridine,C1=CC=NC(=C1)NS(=O)(=O)C2=CC=C(C=C2)N
Leflunomide,CC1=C(C=NO1)C(=O)NC2=CC=C(C=C2)C(F)(F)F
Podofilox,COC1=CC(=CC(=C1OC)OC)[C@H]2[C@@H]3[C@H](COC3=O)[C@H](C4=CC5=C(C=C24)OCO5)O
propidium iodide,CC[N+](C)(CC)CCC[N+]1=C2C=C(C=CC2=C3C=CC(=CC3=C1C4=CC=CC=C4)N)N.I.I
Pheneticillin,CC(C(=O)N[C@H]1[C@@H]2N(C1=O)[C@H](C(S2)(C)C)C(=O)O)OC3=CC=CC=C3
Metoprolol,CC(C)NCC(COC1=CC=C(C=C1)CCOC)O
Medrysone,C[C@H]1C[C@H]2[C@@H]3CC[C@@H]([C@]3(C[C@@H]([C@@H]2[C@@]4(C1=CC(=O)CC4)C)O)C)C(=O)C
Demeclocycline,CN(C)[C@H]1[C@@H]2C[C@@H]3[C@@H](C4=C(C=CC(=C4C(=C3C(=O)[C@@]2(C(=C(C1=O)C(=O)N)O)O)O)O)Cl)O
meclofenoxate,CN(C)CCOC(=O)COC1=CC=C(C=C1)Cl
Levonorgestrel,CC[C@]12CC[C@H]3[C@H]([C@@H]1CC[C@]2(C#C)O)CCC4=CC(=O)CC[C@H]34
Cloperastine,C1CCN(CC1)CCOC(C2=CC=CC=C2)C3=CC=C(C=C3)Cl
sulfamethoxypyridazine,COC1=NN=C(C=C1)NS(=O)(=O)C2=CC=C(C=C2)N
Flumethasone,C[C@@H]1C[C@H]2[C@@H]3C[C@@H](C4=CC(=O)C=C[C@@]4([C@]3([C@H](C[C@@]2([C@]1(C(=O)CO)O)C)O)F)C)F
Flunixin,CC1=C(C=CC=C1NC2=C(C=CC=N2)C(=O)O)C(F)(F)F
Fenoprofen,CC(C1=CC(=CC=C1)OC2=CC=CC=C2)C(=O)O
Bendroflumethiazide,C1=CC=C(C=C1)CC2NC3=C(C=C(C(=C3)C(F)(F)F)S(=O)(=O)N)S(=O)(=O)N2
eucatropine,CC1CC(CC(N1C)(C)C)OC(=O)C(C2=CC=CC=C2)O
Flecainide,C1CCNC(C1)CNC(=O)C2=C(C=CC(=C2)OCC(F)(F)F)OCC(F)(F)F
Spiramycin,C[C@@H]1C/C=C/C=C/[C@@H]([C@@H](C[C@@H]([C@@H]([C@H]([C@@H](CC(=O)O1)O)OC)O[C@H]2[C@@H]([C@H]([C@@H]([C@H](O2)C)O[C@H]3C[C@@]([C@H]([C@@H](O3)C)O)(C)O)N(C)C)O)CC=O)C)O[C@H]4CC[C@@H]([C@@H](O4)C)N(C)C
ethoxyquin,CCOC1=CC2=C(C=C1)NC(C=C2C)(C)C
Sulfamethazine,CC1=CC(=NC(=N1)NS(=O)(=O)C2=CC=C(C=C2)N)C
Dicoumarol,C1=CC=C2C(=C1)C(=C(C(=O)O2)CC3=C(C4=CC=CC=C4OC3=O)O)O
Isocarboxazid,CC1=CC(=NO1)C(=O)NNCC2=CC=CC=C2
Mephentermine,CC(C)(CC1=CC=CC=C1)NC
Cefazolin,CC1=NN=C(S1)SCC2=C(N3[C@@H]([C@@H](C3=O)NC(=O)CN4C=NN=N4)SC2)C(=O)O
glycopyrronium bromide,C[N+]1(CCC(C1)OC(=O)C(C2CCCC2)(C3=CC=CC=C3)O)C
Diethylstilbestrol,CCC(=C(CC)C1=CC=C(C=C1)O)C2=CC=C(C=C2)O
Guaifenesin,COC1=CC=CC=C1OCC(CO)O
Methimazole,CN1C=CNC1=S
lithocholic acid,C[C@H](CCC(=O)O)[C@H]1CC[C@@H]2[C@@]1(CC[C@H]3[C@H]2CC[C@H]4[C@@]3(CC[C@H](C4)O)C)C
alpha-ergocryptine,CC(C)C[C@H]1C(=O)N2CCC[C@H]2[C@]3(N1C(=O)[C@](O3)(C(C)C)NC(=O)[C@H]4CN([C@@H]5CC6=CNC7=CC=CC(=C67)C5=C4)C)O
atractyloside,CC1(C2CC(CCC(C2CC1O)(CO)O)C(C)(C)OC3C(C(C(C(O3)CO)O)O)O)O
Guanadrel,C1CCC2(CC1)OCC(O2)CN=C(N)N
alexidine,CCCCC(CC)CN=C(N)NC(=NCCCCCCN=C(N)NC(=NCC(CC)CCCC)N)N
Sulfadimethoxine,COC1=NC(=NC(=C1)NS(=O)(=O)C2=CC=C(C=C2)N)OC
calcium folinate,C1C(N(C2=C(N1)N=C(NC2=O)N)C=O)CNC3=CC=C(C=C3)C(=O)N[C@@H](CCC(=O)O)C(=O)O.[Ca+2]
monensin,CC[C@]1(CC[C@@H](O1)[C@@]2(CC[C@@]3(O2)C[C@@H]([C@H]([C@H](O3)[C@@H](C)[C@H]([C@H](C)C(=O)O)OC)C)O)C)[C@H]4[C@H](C[C@@H](O4)[C@@H]5[C@H](C[C@H]([C@@](O5)(CO)O)C)C)C
Amoxicillin,CC1([C@@H](N2[C@H](S1)[C@@H](C2=O)NC(=O)[C@@H](C3=CC=C(C=C3)O)N)C(=O)O)C
Benfluorex,CC(CC1=CC(=CC=C1)C(F)(F)F)NCCOC(=O)C2=CC=CC=C2
naftidrofuryl,CCN(CC)CCOC(=O)C(CC1CCCO1)CC2=CC=CC3=CC=CC=C32
Pentoxyverine,CCN(CC)CCOCCOC(=O)C1(CCCC1)C2=CC=CC=C2
Clomifene,CCN(CC)CCOC1=CC=C(C=C1)C(=C(C2=CC=CC=C2)Cl)C3=CC=CC=C3
zoxazolamine,C1=CC2=C(C=C1Cl)N=C(O2)N
N6-methyladenosine,CNC1=C2C(=NC=N1)N(C=N2)[C@H]3[C@@H]([C@@H]([C@H](O3)CO)O)O
Chlorprothixene,CN(C)CC/C=C/1\C2=CC=CC=C2SC3=C1C=C(C=C3)Cl
Cephalexin,CC1=C(N2[C@@H]([C@@H](C2=O)NC(=O)[C@@H](C3=CC=CC=C3)N)SC1)C(=O)O
Bezafibrate,CC(C)(C(=O)O)OC1=CC=C(C=C1)CCNC(=O)C2=CC=C(C=C2)Cl
oxantel,CN1CCCN=C1/C=C/C2=CC(=CC=C2)O
Tacrine,C1CCC2=NC3=CC=CC=C3C(=C2C1)N
Guanfacine,C1=CC(=C(C(=C1)Cl)CC(=O)N=C(N)N)Cl
Dextromethorphan,CN1CC[C@@]23CCCC[C@@H]2[C@@H]1CC4=C3C=C(C=C4)OC
Mimosine,C1=CN(C=C(C1=O)O)C[C@@H](C(=O)O)N
Ketoconazole,CC(=O)N1CCN(CC1)C2=CC=C(C=C2)OCC3COC(O3)(CN4C=CN=C4)C5=C(C=C(C=C5)Cl)Cl
Bisoprolol,CC(C)NCC(COC1=CC=C(C=C1)COCCOC(C)C)O
Flupentixol,C1CN(CCN1CC/C=C\2/C3=CC=CC=C3SC4=C2C=C(C=C4)C(F)(F)F)CCO
Droperidol,C1CN(CC=C1N2C3=CC=CC=C3NC2=O)CCCC(=O)C4=CC=C(C=C4)F
clebopride,COC1=CC(=C(C=C1C(=O)NC2CCN(CC2)CC3=CC=CC=C3)Cl)N
Fusidic Acid,C[C@H]1[C@@H]2CC[C@]3([C@H]([C@]2(CC[C@H]1O)C)[C@@H](C[C@@H]\4[C@@]3(C[C@@H](/C4=C(/CCC=C(C)C)\C(=O)O)OC(=O)C)C)O)C
Testosterone,C[C@]12CC[C@H]3[C@H]([C@@H]1CC[C@@H]2O)CCC4=CC(=O)CC[C@]34C
suloctidil,CCCCCCCCN[C@@H](C)[C@@H](C1=CC=C(C=C1)SC(C)C)O
coralyne,CC1=C2C=C(C(=CC2=CC3=[N+]1C=CC4=CC(=C(C=C43)OC)OC)OC)OC.O.Cl
3-hydroxy-DL-kynurenine,C1=CC(=C(C(=C1)O)N)C(=O)CC(C(=O)O)N
Domperidone,C1CN(CCC1N2C3=C(C=C(C=C3)Cl)NC2=O)CCCN4C5=CC=CC=C5NC4=O
Arecoline,CN1CCC=C(C1)C(=O)OC
Ribostamycin,C1[C@H]([C@@H]([C@H]([C@@H]([C@H]1N)O[C@@H]2[C@@H]([C@H]([C@@H]([C@H](O2)CN)O)O)N)O[C@H]3[C@@H]([C@@H]([C@H](O3)CO)O)O)O)N
Vidarabine,C1=NC(=C2C(=N1)N(C=N2)[C@H]3[C@H]([C@@H]([C@H](O3)CO)O)O)N
proadifen,CCCC(C1=CC=CC=C1)(C2=CC=CC=C2)C(=O)OCCN(CC)CC
Hexylcaine,CC(CNC1CCCCC1)OC(=O)C2=CC=CC=C2
Sulfanilamide,C1=CC(=CC=C1N)S(=O)(=O)N
Levonordefrin,C[C@@H]([C@@H](C1=CC(=C(C=C1)O)O)O)N
Isoetarine,CCC(C(C1=CC(=C(C=C1)O)O)O)NC(C)C
Sulfameter,COC1=CN=C(N=C1)NS(=O)(=O)C2=CC=C(C=C2)N
Zomepirac,CC1=C(N(C(=C1)CC(=O)O)C)C(=O)C2=CC=C(C=C2)Cl
drofenine,CCN(CC)CCOC(=O)C(C1CCCCC1)C2=CC=CC=C2
pridinol,C1CCN(CC1)CCC(C2=CC=CC=C2)(C3=CC=CC=C3)O
hecogenin,C[C@@H]1CC[C@@]2([C@H]([C@H]3[C@@H](O2)C[C@@H]4[C@@]3(C(=O)C[C@H]5[C@H]4CC[C@@H]6[C@@]5(CC[C@@H](C6)O)C)C)C)OC1
Ebselen,C1=CC=C(C=C1)N2C(=O)C3=CC=CC=C3[Se]2
mevalolactone,CC1(CCOC(=O)C1)O
pipenzolate bromide,CC[N+]1(CCCC(C1)OC(=O)C(C2=CC=CC=C2)(C3=CC=CC=C3)O)C.Br
isopropamide iodide,CC(C)[N+](C)(CCC(C1=CC=CC=C1)(C2=CC=CC=C2)C(=O)N)C(C)C.I
Cinoxacin,CCN1C2=CC3=C(C=C2C(=O)C(=N1)C(=O)O)OCO3
cicloheximide,C[C@H]1C[C@@H](C(=O)[C@@H](C1)[C@@H](CC2CC(=O)NC(=O)C2)O)C
Amrinone,C1=CN=CC=C1C2=CNC(=O)C(=C2)N
Carbinoxamine,CN(C)CCOC(C1=CC=C(C=C1)Cl)C2=CC=CC=N2
bergenin,COC1=C(C=C2C(=C1O)[C@H]3[C@@H]([C@H]([C@@H]([C@H](O3)CO)O)O)OC2=O)O
Azlocillin,CC1([C@@H](N2[C@H](S1)[C@@H](C2=O)NC(=O)[C@@H](C3=CC=CC=C3)NC(=O)N4CCNC4=O)C(=O)O)C
butacaine,CCCCN(CCCC)CCCOC(=O)C1=CC=C(C=C1)N
securinine,C1CCN2[C@H](C1)[C@]34C[C@H]2C=CC3=CC(=O)O4
Cefapirin,CC(=O)OCC1=C(N2[C@@H]([C@@H](C2=O)NC(=O)CSC3=CC=NC=C3)SC1)C(=O)O
Gabapentin,C1CCC(CC1)(CC(=O)O)CN
Methazolamide,CC(=O)N=C1N(N=C(S1)S(=O)(=O)N)C
clidinium bromide,C[N+]12CCC(CC1)C(C2)OC(=O)C(C3=CC=CC=C3)(C4=CC=CC=C4)O.Br
Cefoxitin,CO[C@@]1([C@@H]2N(C1=O)C(=C(CS2)COC(=O)N)C(=O)O)NC(=O)CC3=CC=CS3
Alimemazine,CC(CN1C2=CC=CC=C2SC3=CC=CC=C31)CN(C)C
Doxycycline,C[C@@H]1[C@H]2[C@@H]([C@H]3[C@@H](C(=O)C(=C([C@]3(C(=O)C2=C(C4=C1C=CC=C4O)O)O)O)C(=O)N)N(C)C)O
Iopromide,CN(CC(CO)O)C(=O)C1=C(C(=C(C(=C1I)C(=O)NCC(CO)O)I)NC(=O)COC)I
pyrithyldione,CCC1(C(=O)C=CNC1=O)CC
sulfamonomethoxine,COC1=NC=NC(=C1)NS(=O)(=O)C2=CC=C(C=C2)N
tomatidine,C[C@H]1CC[C@]2([C@H]([C@H]3[C@@H](O2)C[C@@H]4[C@@]3(CC[C@H]5[C@H]4CC[C@@H]6[C@@]5(CC[C@@H](C6)O)C)C)C)NC1
Pyridoxine,CC1=NC=C(C(=C1O)CO)CO
DL-thiorphan,C1=CC=C(C=C1)CC(CS)C(=O)NCC(=O)O
syrosingopine,CCOC(=O)OC1=C(C=C(C=C1OC)C(=O)O[C@@H]2C[C@@H]3CN4CCC5=C([C@H]4C[C@@H]3[C@@H]([C@H]2OC)C(=O)OC)NC6=C5C=CC(=C6)OC)OC
Dacarbazine,CN(C)/N=N/C1=C(NC=N1)C(=O)N
Yohimbine,COC(=O)[C@H]1[C@H](CC[C@@H]2[C@@H]1C[C@H]3C4=C(CCN3C2)C5=CC=CC=C5N4)O
ellipticine,CC1=C2C=CN=CC2=C(C3=C1NC4=CC=CC=C43)C
Riboflavin,CC1=CC2=C(C=C1C)N(C3=NC(=O)NC(=O)C3=N2)C[C@@H]([C@@H]([C@@H](CO)O)O)O
hydrocotarnine,CN1CCC2=CC3=C(C(=C2C1)OC)OCO3
hydroquinine,CC[C@H]1CN2CC[C@H]1C[C@H]2[C@@H](C3=C4C=C(C=CC4=NC=C3)OC)O
Acepromazine,CC(=O)C1=CC2=C(C=C1)SC3=CC=CC=C3N2CCCN(C)C
convolamine,CN1C2CCC1CC(C2)OC(=O)C3=CC(=C(C=C3)OC)OC
cinchonidine,C=C[C@H]1CN2CC[C@H]1C[C@H]2[C@@H](C3=CC=NC4=CC=CC=C34)O
quipazine,C1CN(CCN1)C2=NC3=CC=CC=C3C=C2
Folic Acid,C1=CC(=CC=C1C(=O)N[C@@H](CCC(=O)O)C(=O)O)NCC2=CN=C3C(=N2)C(=O)N=C(N3)N
retrorsine,C/C=C\1/C[C@H]([C@@](C(=O)OCC2=CCN3[C@H]2[C@@H](CC3)OC1=O)(CO)O)C
Xylazine,CC1=C(C(=CC=C1)C)NC2=NCCCS2
cinchonine,C=C[C@H]1CN2CC[C@H]1C[C@@H]2[C@H](C3=CC=NC4=CC=CC=C34)O
conessine,C[C@H]1[C@H]2CC[C@@H]3[C@@]2(CC[C@H]4[C@H]3CC=C5[C@@]4(CC[C@@H](C5)N(C)C)C)CN1C
seneciphylline,C/C=C\1/CC(=C)[C@@](C(=O)OCC2=CCN3[C@H]2[C@@H](CC3)OC1=O)(C)O
trimethylcolchicinic acid,COC1=C(C(=C2C(=C1)CC[C@@H](C3=CC(=O)C(=CC=C32)O)N)OC)OC
boldine,CN1CCC2=CC(=C(C3=C2[C@@H]1CC4=CC(=C(C=C43)OC)O)OC)O
quinisocaine,CCCCC1=CC2=CC=CC=C2C(=N1)OCCN(C)C
vitexin,C1=CC(=CC=C1C2=CC(=O)C3=C(O2)C(=C(C=C3O)O)[C@H]4[C@@H]([C@H]([C@@H]([C@H](O4)CO)O)O)O)O
hydroxyachillin,C[C@@H]1[C@@H]2[C@H](CC(=C3[C@@H]([C@H]2OC1=O)C(=CC3=O)C)C)O
Rifampicin,C[C@H]1/C=C/C=C(\C(=O)NC2=C(C(=C3C(=C2O)C(=C(C4=C3C(=O)[C@](O4)(O/C=C/[C@@H]([C@H]([C@H]([C@@H]([C@@H]([C@@H]([C@H]1O)C)O)C)OC(=O)C)C)OC)C)C)O)O)/C=N/N5CCN(CC5)C)/C
Mycophenolic acid,CC1=C2COC(=O)C2=C(C(=C1OC)C/C=C(\C)/CCC(=O)O)O
Dosulepin,CN(C)CC/C=C/1\C2=CC=CC=C2CSC3=CC=CC=C31
Budesonide,CCCC1O[C@@H]2C[C@H]3[C@@H]4CCC5=CC(=O)C=C[C@@]5([C@H]4[C@H](C[C@@]3([C@@]2(O1)C(=O)CO)C)O)C
Triflusal,CC(=O)OC1=C(C=CC(=C1)C(F)(F)F)C(=O)O
Gliclazide,CC1=CC=C(C=C1)S(=O)(=O)NC(=O)NN2CC3CCCC3C2
Bromperidol,C1CN(CCC1(C2=CC=C(C=C2)Br)O)CCCC(=O)C3=CC=C(C=C3)F
Imipenem,C[C@H]([C@@H]1[C@H]2CC(=C(N2C1=O)C(=O)O)SCCN=CN)O
Prenylamine,CC(CC1=CC=CC=C1)NCCC(C2=CC=CC=C2)C3=CC=CC=C3
tubocurarine chloride,CN1CCC2=CC(=C3C=C2[C@@H]1CC4=CC(=CC=C4)OC5=C6[C@@H](CC7=CC(=C(C=C7)O)O3)[N+](CCC6=CC(=C5O)OC)(C)C)OC
10-methoxyharmalan,CC1=NCCC2=C1NC3=C2C=C(C=C3)OC
Thiamine,CC1=C(SC=[N+]1CC2=CN=C(N=C2N)C)CCO
harmol,CC1=C2C(=C3C=CC(=O)C=C3N2)C=CN1
pronetalol,CC(C)NCC(C1=CC2=CC=CC=C2C=C1)O
Cyclopenthiazide,C1CCC(C1)CC2NC3=CC(=C(C=C3S(=O)(=O)N2)S(=O)(=O)N)Cl
meptazinol,CCC1(CCCCN(C1)C)C2=CC(=CC=C2)O
Etofenamate,C1=CC=C(C(=C1)C(=O)OCCOCCO)NC2=CC=CC(=C2)C(F)(F)F
Nifurtimox,CC1CS(=O)(=O)CCN1/N=C/C(=O)CCC#N
Gibberellic acid,CC12[C@H](C=C[C@@]3([C@@H]1[C@@H]([C@]45[C@H]3CC[C@](C4)(C(=C)C5)O)C(=O)O)OC2=O)O
Naftopidil,COC1=CC=CC=C1N2CCN(CC2)CC(COC3=CC=CC4=CC=CC=C43)O
beta-Sitosterol,CC[C@H](CC[C@@H](C)[C@H]1CC[C@@H]2[C@@]1(CC[C@H]3[C@H]2CC=C4[C@@]3(CC[C@@H](C4)O)C)C)C(C)C
Fluvoxamine,COCCCCC(=NOCCN)C1=CC=C(C=C1)C(F)(F)F
Apramycin,CN[C@H]1[C@H]([C@@H]2[C@H](C[C@H]([C@H](O2)O[C@@H]3[C@H](C[C@H]([C@@H]([C@H]3O)O)N)N)N)O[C@@H]1O[C@@H]4[C@@H]([C@H]([C@@H]([C@H](O4)CO)N)O)O)O
etamsylate,CCNCC.C1=CC(=C(C=C1O)S(=O)(=O)O)O
Letrozole,C1=CC(=CC=C1C#N)C(C2=CC=C(C=C2)C#N)N3C=NC=N3
Molindone,CCC1=C(NC2=C1C(=O)C(CC2)CN3CCOCC3)C
Sotalol,CC(C)NCC(C1=CC=C(C=C1)NS(=O)(=O)C)O
tracazolate,CCCCNC1=C2C=NN(C2=NC(=C1C(=O)OCC)C)CC
Proscillaridin,C[C@H]1[C@@H]([C@H]([C@H]([C@@H](O1)O[C@H]2CC[C@@]3([C@H]4CC[C@@]5([C@H](CC[C@@]5([C@@H]4CCC3=C2)O)C6=COC(=O)C=C6)C)C)O)O)O
cefalonium,C1C2=C(C(=O)O1)N3[C@@H]([C@@H](C3=O)NC(=O)CC4=CC=CS4)SC2
Zardaverine,COC1=C(C=CC(=C1)C2=NNC(=O)C=C2)OC(F)F
sanguinarine,C[N+]1=C2C(=C3C=CC4=C(C3=C1)OCO4)C=CC5=CC6=C(C=C52)OCO6
Fluticasone,C[C@@H]1C[C@H]2[C@@H]3C[C@@H](C4=CC(=O)C=C[C@@]4([C@]3([C@H](C[C@@]2([C@]1(C(=O)SCF)O)C)O)F)C)F
Fursultiamine,CC1=NC=C(C(=N1)N)CN(C=O)/C(=C(\CCO)/SSCC2CCCO2)/C
Etilefrine,CCNCC(C1=CC(=CC=C1)O)O
Zalcitabine,C1C[C@@H](O[C@@H]1CO)N2C=CC(=NC2=O)N
decamethonium bromide,C[N+](C)(C)CCCCCCCCCC[N+](C)(C)C.Br.Br
Memantine,CC12CC3CC(C1)(CC(C3)(C2)N)C
harpagoside,C[C@@]1(C[C@H]([C@]2([C@@H]1[C@@H](OC=C2)O[C@H]3[C@@H]([C@H]([C@@H]([C@H](O3)CO)O)O)O)O)O)OC(=O)/C=C/C4=CC=CC=C4
Gabexate,CCOC(=O)C1=CC=C(C=C1)OC(=O)CCCCCN=C(N)N
Alprostadil,CCCCC[C@@H](C=C[C@H]1[C@@H](CC(=O)[C@@H]1CCCCCCC(=O)O)O)O
methyldopate,CCOC(=O)[C@](C)(CC1=CC(=C(C=C1)O)O)N
3-acetamidocoumarin,CC(=O)NC1=CC2=CC=CC=C2OC1=O
Ozagrel,C1=CC(=CC=C1CN2C=CN=C2)/C=C/C(=O)O
Asiaticoside,C[C@@H]1CC[C@@]2(CC[C@@]3(C(=CC[C@H]4[C@]3(CC[C@@H]5[C@@]4(C[C@H]([C@@H]([C@@]5(C)CO)O)O)C)C)[C@@H]2[C@H]1C)C)C(=O)O[C@H]6[C@@H]([C@H]([C@@H]([C@H](O6)CO[C@H]7[C@@H]([C@H]([C@@H]([C@H](O7)CO)O[C@H]8[C@@H]([C@@H]([C@H]([C@@H](O8)C)O)O)O)O)O)O)O)O
Pivampicillin,CC1([C@@H](N2[C@H](S1)[C@@H](C2=O)NC(=O)[C@@H](C3=CC=CC=C3)N)C(=O)OCOC(=O)C(C)(C)C)C
Tribenoside,CCOC1[C@@H]([C@H]([C@H](O1)[C@@H](COCC2=CC=CC=C2)OCC3=CC=CC=C3)OCC4=CC=CC=C4)O
betulin,CC(=C)[C@@H]1CC[C@]2([C@H]1[C@H]3CC[C@@H]4[C@]5(CC[C@@H](C([C@@H]5CC[C@]4([C@@]3(CC2)C)C)(C)C)O)C)CO
Lymecycline,C[C@@]1([C@H]2C[C@H]3[C@@H](C(=O)C(=C([C@]3(C(=O)C2=C(C4=C1C=CC=C4O)O)O)O)C(=O)NCNCCCC[C@@H](C(=O)O)N)N(C)C)O
talampicillin,CC1([C@@H](N2[C@H](S1)[C@@H](C2=O)NC(=O)[C@@H](C3=CC=CC=C3)N)C(=O)OC4C5=CC=CC=C5C(=O)O4)C
Rimexolone,CCC(=O)[C@]1([C@@H](C[C@@H]2[C@@]1(C[C@@H]([C@H]3[C@H]2CCC4=CC(=O)C=C[C@]34C)O)C)C)C
Moricizine,CCOC(=O)NC1=CC2=C(C=C1)SC3=CC=CC=C3N2C(=O)CCN4CCOCC4
Phensuximide,CN1C(=O)CC(C1=O)C2=CC=CC=C2
S-propranolol,CC(C)NC[C@@H](COC1=CC=CC2=CC=CC=C21)O
Ioxaglic acid,CC(=O)N(C)C1=C(C(=C(C(=C1I)C(=O)NCC(=O)NC2=C(C(=C(C(=C2I)C(=O)O)I)C(=O)NCCO)I)I)C(=O)NC)I
Cyclic Adenosine Monophosphate,C1[C@@H]2[C@H]([C@H]([C@@H](O2)N3C=NC4=C(N=CN=C43)N)O)OP(=O)(O1)O
Loracarbef,C1CC(=C(N2[C@H]1[C@@H](C2=O)NC(=O)[C@@H](C3=CC=CC=C3)N)C(=O)O)Cl
Procarbazine,CC(C)NC(=O)C1=CC=C(C=C1)CNNC
Penbutolol,CC(C)(C)NC[C@@H](COC1=CC=CC=C1C2CCCC2)O
Naftifine,CN(CC=CC1=CC=CC=C1)CC2=CC=CC3=CC=CC=C32
Bethanechol,CC(C[N+](C)(C)C)OC(=O)N
Levopropoxyphene,CCC(=O)O[C@@](CC1=CC=CC=C1)(C2=CC=CC=C2)[C@@H](C)CN(C)C
Nafcillin,CCOC1=C(C2=CC=CC=C2C=C1)C(=O)N[C@H]3[C@@H]4N(C3=O)[C@H](C(S4)(C)C)C(=O)O
Liothyronine,C1=CC(=C(C=C1OC2=C(C=C(C=C2I)C[C@@H](C(=O)O)N)I)I)O
Etidronic acid,CC(O)(P(=O)(O)O)P(=O)(O)O
Theophylline,CN1C2=C(C(=O)N(C1=O)C)NC=N2
Spectinomycin,C[C@@H]1CC(=O)[C@]2([C@@H](O1)O[C@@H]3[C@H]([C@@H]([C@@H]([C@@H]([C@H]3O2)NC)O)NC)O)O
cefsulodin,C1[C@@H](C(=O)N1S(=O)(=O)O)NC(=O)[C@@H](C2=CC=CC=C2)S(=O)(=O)O
Benzthiazide,C1=CC=C(C=C1)CSCC2=NS(=O)(=O)C3=CC(=C(C=C3N2)Cl)S(=O)(=O)N
Procyclidine,C1CCC(CC1)C(CCN2CCCC2)(C3=CC=CC=C3)O
Roxithromycin,CC[C@@H]1[C@@]([C@@H]([C@H](/C(=N/OCOCCOC)/[C@@H](C[C@@]([C@@H]([C@H]([C@@H]([C@H](C(=O)O1)C)O[C@H]2C[C@@]([C@H]([C@@H](O2)C)O)(C)OC)C)O[C@H]3[C@@H]([C@H](C[C@H](O3)C)N(C)C)O)(C)O)C)C)O)(C)O
Theobromine,CN1C=NC2=C1C(=O)NC(=O)N2C
piromidic acid,CCN1C=C(C(=O)C2=CN=C(N=C21)N3CCCC3)C(=O)O
fosfosal,C1=CC=C(C(=C1)C(=O)O)OP(=O)(O)O
Trichlormethiazide,C1=C2C(=CC(=C1Cl)S(=O)(=O)N)S(=O)(=O)NC(N2)C(Cl)Cl
tetroquinone,C1(=C(C(=O)C(=C(C1=O)O)O)O)O
amiprilose,CC1(O[C@@H]2[C@H]([C@H](O[C@@H]2O1)[C@@H](CO)O)OCCCN(C)C)C
beclometasone,C[C@H]1C[C@H]2[C@@H]3CCC4=CC(=O)C=C[C@@]4([C@]3([C@H](C[C@@]2([C@]1(C(=O)CO)O)C)O)Cl)C
Simvastatin,CCC(C)(C)C(=O)O[C@H]1C[C@H](C=C2[C@H]1[C@H]([C@H](C=C2)C)CC[C@@H]3C[C@H](CC(=O)O3)O)C
Reserpine,CO[C@H]1[C@@H](C[C@@H]2CN3CCC4=C([C@H]3C[C@@H]2[C@@H]1C(=O)OC)NC5=C4C=CC(=C5)OC)OC(=O)C6=CC(=C(C(=C6)OC)OC)OC
Trimipramine,CC(CN1C2=CC=CC=C2CCC3=CC=CC=C31)CN(C)C
Suprofen,CC(C1=CC=C(C=C1)C(=O)C2=CC=CS2)C(=O)O
oxolamine,CCN(CC)CCC1=NC(=NO1)C2=CC=CC=C2
Indoprofen,CC(C1=CC=C(C=C1)N2CC3=CC=CC=C3C2=O)C(=O)O
Mestranol,C[C@]12CC[C@H]3[C@H]([C@@H]1CC[C@]2(C#C)O)CCC4=C3C=CC(=C4)OC
Tolmetin,CC1=CC=C(C=C1)C(=O)C2=CC=C(N2C)CC(=O)O
arcaine,C(CCN=C(N)N)CN=C(N)N
Chloropyramine,CN(C)CCN(CC1=CC=C(C=C1)Cl)C2=CC=CC=N2
(+/-)-catechin,C1C(C(OC2=CC(=CC(=C21)O)O)C3=CC(=C(C=C3)O)O)O
propantheline bromide,C/C=C/C1=CC2=C(C(=C1)OC)OCO2
Carbenoxolone,C[C@]12CC[C@](C[C@H]1C3=CC(=O)[C@@H]4[C@]5(CC[C@@H](C([C@@H]5CC[C@]4([C@@]3(CC2)C)C)(C)C)OC(=O)CCC(=O)O)C)(C)C(=O)O
Paromomycin,C1[C@H]([C@@H]([C@H]([C@@H]([C@H]1N)O[C@@H]2[C@@H]([C@H]([C@@H]([C@H](O2)CO)O)O)N)O[C@H]3[C@@H]([C@@H]([C@H](O3)CO)O[C@@H]4[C@@H]([C@H]([C@@H]([C@@H](O4)CN)O)O)N)O)O)N
Scopolamine,CN1[C@@H]2CC(C[C@H]1[C@H]3[C@@H]2O3)OC(=O)[C@H](CO)C4=CC=CC=C4
Furazolidone,C1COC(=O)N1/N=C/C2=CC=C(O2)[N+](=O)[O-]
Nadolol,CC(C)(C)NCC(COC1=CC=CC2=C1C[C@@H]([C@@H](C2)O)O)O
lasalocid,CC[C@H]([C@@H]1[C@H](C[C@@](O1)(CC)[C@H]2CC[C@@]([C@@H](O2)C)(CC)O)C)C(=O)[C@@H](C)[C@H]([C@H](C)CCC3=C(C(=C(C=C3)C)O)C(=O)O)O
Iocetamic acid,CC(CN(C1=C(C=C(C(=C1I)N)I)I)C(=O)C)C(=O)O
Iodixanol,CC(=O)N(CC(CN(C1=C(C(=C(C(=C1I)C(=O)NCC(CO)O)I)C(=O)NCC(CO)O)I)C(=O)C)O)C2=C(C(=C(C(=C2I)C(=O)NCC(CO)O)I)C(=O)NCC(CO)O)I
Doxazosin,COC1=C(C=C2C(=C1)C(=NC(=N2)N3CCN(CC3)C(=O)C4COC5=CC=CC=C5O4)N)OC
Acetaminophen,CC(=O)NC1=CC=C(C=C1)O
Ioversol,C(CO)N(C1=C(C(=C(C(=C1I)C(=O)NCC(CO)O)I)C(=O)NCC(CO)O)I)C(=O)CO
Diclofenamide,C1=C(C=C(C(=C1S(=O)(=O)N)Cl)Cl)S(=O)(=O)N
Latamoxef,CN1C(=NN=N1)SCC2=C(N3[C@@H]([C@@](C3=O)(NC(=O)C(C4=CC=C(C=C4)O)C(=O)O)OC)OC2)C(=O)O
dimethadione,CC1(C(=O)NC(=O)O1)C
Rolitetracycline,C[C@@]1([C@H]2C[C@H]3[C@@H](C(=O)C(=C([C@]3(C(=O)C2=C(C4=C1C=CC=C4O)O)O)O)C(=O)NCN5CCCC5)N(C)C)O
Fluvastatin,CC(C)N1C2=CC=CC=C2C(=C1/C=C/[C@@H](C[C@@H](CC(=O)O)O)O)C3=CC=C(C=C3)F
phthalylsulfathiazole,C1=CC=C(C(=C1)C(=O)NC2=CC=C(C=C2)S(=O)(=O)NC3=NC=CS3)C(=O)O
Capsaicin,CC(C)/C=C/CCCCC(=O)NCC1=CC(=C(C=C1)O)OC
Sulconazole,C1=CC(=CC=C1CSC(CN2C=CN=C2)C3=C(C=C(C=C3)Cl)Cl)Cl
Aminophylline,CN1C2=C(C(=O)N(C1=O)C)NC=N2.CN1C2=C(C(=O)N(C1=O)C)NC=N2.C(CN)N
ethaverine,CCOC1=C(C=C(C=C1)CC2=NC=CC3=CC(=C(C=C32)OCC)OCC)OCC
Profenamine,CCN(CC)C(C)CN1C2=CC=CC=C2SC3=CC=CC=C31
Equilin,C[C@]12CC[C@H]3C(=CCC4=C3C=CC(=C4)O)[C@@H]1CCC2=O
luteolin,C1=CC(=C(C=C1C2=CC(=O)C3=C(C=C(C=C3O2)O)O)O)O
carbachol,C[N+](C)(C)CCOC(=O)N
Niacin,C1=CC(=CN=C1)C(=O)O
3-acetylcoumarin,CC(=O)C1=CC2=CC=CC=C2OC1=O
Hymecromone,CC1=CC(=O)OC2=C1C=CC(=C2)O
(+)-isoprenaline,CC(C)NC[C@H](C1=CC(=C(C=C1)O)O)O
Nizatidine,CNC(=O)NCCSCC1=CSC(=N1)CN(C)C
Propofol,CC(C)C1=C(C(=CC=C1)C(C)C)O
Pentetic acid,C(CN(CC(=O)O)CC(=O)O)N(CCN(CC(=O)O)CC(=O)O)CC(=O)O
Crotamiton,CCN(C1=CC=CC=C1C)C(=O)C=CC
bemegride,CCC1(CC(=O)NC(=O)C1)C
Esculin,C1=CC(=O)OC2=CC(=C(C=C21)O[C@H]3[C@@H]([C@H]([C@@H]([C@H](O3)CO)O)O)O)O
caffeic acid,C1=CC(=C(C=C1/C=C/C(=O)O)O)O
Monobenzone,C1=CC=C(C=C1)COC2=CC=C(C=C2)O
thioperamide,C1CCC(CC1)NC(=S)N2CCC(CC2)C3=CN=CN3
eticlopride,CCC1=CC(=C(C(=C1O)C(=O)NC[C@@H]2CCCN2CC)OC)Cl
Propranolol,CC(C)NCC(COC1=CC=CC2=CC=CC=C21)O
digoxigenin,C[C@]12CC[C@@H](C[C@H]1CC[C@@H]3[C@@H]2C[C@H]([C@]4([C@@]3(CC[C@@H]4C5=CC(=O)OC5)O)C)O)O
Felbinac,C1=CC=C(C=C1)C2=CC=C(C=C2)CC(=O)O
Diloxanide,CN(C1=CC=C(C=C1)O)C(=O)C(Cl)Cl
2-aminobenzenesulfonamide,C1=CC=C(C(=C1)N)S(=O)(=O)N
Xamoterol,C1COCCN1C(=O)NCCNCC(COC2=CC=C(C=C2)O)O
Primidone,CCC1(C(=O)NCNC1=O)C2=CC=CC=C2
Pralidoxime,C[N+]1=CC=CC=C1/C=N/O
meglumine,CNC[C@@H]([C@H]([C@@H]([C@@H](CO)O)O)O)O
Butylparaben,CCCCOC(=O)C1=CC=C(C=C1)O
Metyrapone,CC(C)(C1=CN=CC=C1)C(=O)C2=CN=CC=C2
Estrone,C[C@]12CC[C@H]3[C@H]([C@@H]1CCC2=O)CCC4=C3C=CC(=C4)O
Rolipram,COC1=C(C=C(C=C1)C2CC(=O)NC2)OC3CCCC3
Flucytosine,C1=NC(=O)NC(=C1F)N
Tyloxapol,CC(C)(C)CC(C)(C)C1=CC=C(C=C1)O.C=O.C(CO)O
Cantharidin,C[C@@]12[C@H]3CC[C@@H]([C@@]1(C(=O)OC2=O)C)O3
Aminohippuric acid,C1=CC(=CC=C1C(=O)NCC(=O)O)N
Urapidil,CN1C(=CC(=O)N(C1=O)C)NCCCN2CCN(CC2)C3=CC=CC=C3OC
(-)-MK-801,C[C@]12C3=CC=CC=C3C[C@H](N1)C4=CC=CC=C24.C(=C\C(=O)O)\C(=O)O
florfenicol,CS(=O)(=O)C1=CC=C(C=C1)[C@H]([C@@H](CF)NC(=O)C(Cl)Cl)O
Clioquinol,C1=CC2=C(C(=C(C=C2Cl)I)O)N=C1
N-acetyl-L-leucine,CC(C)C[C@@H](C(=O)O)NC(=O)C
Idazoxan,C1CN=C(N1)C2COC3=CC=CC=C3O2
bephenium hydroxynaphthoate,C[N+](C)(CCOC1=CC=CC=C1)CC2=CC=CC=C2
Altretamine,CN(C)C1=NC(=NC(=N1)N(C)C)N(C)C
megestrol,CC1=C[C@@H]2[C@H](CC[C@]3([C@H]2CC[C@@]3(C(=O)C)O)C)[C@@]4(C1=CC(=O)CC4)C
Oxybenzone,COC1=CC(=C(C=C1)C(=O)C2=CC=CC=C2)O
pipemidic acid,CCN1C=C(C(=O)C2=CN=C(N=C21)N3CCNCC3)C(=O)O
Dexibuprofen,C[C@@H](C1=CC=C(C=C1)CC(C)C)C(=O)O
Prasterone,C[C@]12CC[C@H]3[C@H]([C@@H]1CCC2=O)CC=C4[C@@]3(CC[C@@H](C4)O)C
Prazosin,COC1=C(C=C2C(=C1)C(=NC(=N2)N3CCN(CC3)C(=O)C4=CC=CO4)N)OC
desoxycortone,C[C@]12CC[C@H]3[C@H]([C@@H]1CC[C@@H]2C(=O)CO)CCC4=CC(=O)CC[C@]34C
Dioxybenzone,COC1=CC(=C(C=C1)C(=O)C2=CC=CC=C2O)O
Ursodeoxycholic acid,C[C@H](CCC(=O)O)[C@H]1CC[C@@H]2[C@@]1(CC[C@H]3[C@H]2[C@H](C[C@H]4[C@@]3(CC[C@H](C4)O)C)O)C
chrysin,C1=CC=C(C=C1)C2=CC(=O)C3=C(C=C(C=C3O2)O)O
adrenosterone,C[C@]12CCC(=O)C=C1CC[C@@H]3[C@@H]2C(=O)C[C@]4([C@H]3CCC4=O)C
Nabumetone,CC(=O)CCC1=CC2=C(C=C1)C=C(C=C2)OC
Bacitracin,CC[C@H](C)[C@H]1C(=O)N[C@@H](C(=O)N[C@H](C(=O)N[C@@H](C(=O)N[C@H](C(=O)NCCCC[C@@H](C(=O)N[C@@H](C(=O)N1)CCCN)NC(=O)[C@H]([C@@H](C)CC)NC(=O)[C@@H](CCC(=O)O)NC(=O)[C@H](CC(C)C)NC(=O)[C@@H]2CSC(=N2)[C@H]([C@@H](C)CC)N)CC(=O)N)CC(=O)O)CC3=CN=CN3)CC4=CC=CC=C4
Ketorolac,C1CN2C(=CC=C2C(=O)C3=CC=CC=C3)C1C(=O)O
Proparacaine,CCCOC1=C(C=C(C=C1)C(=O)OCCN(CC)CC)N
proxyphylline,CC(CN1C=NC2=C1C(=O)N(C(=O)N2C)C)O
atropine methonitrate,CCC(=O)OCC(C1=CC=CC=C1)C(=O)OC2C[C@H]3CC[C@@H](C2)N3C
Nisoxetine,CNCCC(C1=CC=CC=C1)OC2=CC=CC=C2OC
Protriptyline,CNCCCC1C2=CC=CC=C2C=CC3=CC=CC=C13
esculetin,C1=CC(=O)OC2=CC(=C(C=C21)O)O
Aminocaproic Acid,C(CCC(=O)O)CCN
Remoxipride,CCN1CCC[C@H]1CNC(=O)C2=C(C=CC(=C2OC)Br)OC
Gliquidone,CC1(C2=C(C=C(C=C2)OC)C(=O)N(C1=O)CCC3=CC=C(C=C3)S(=O)(=O)NC(=O)NC4CCCCC4)C
alfadolone,C[C@]12CC[C@H](C[C@@H]1CC[C@@H]3[C@@H]2C(=O)C[C@]4([C@H]3CC[C@@H]4C(=O)CO)C)O
Flucloxacillin,CC1=C(C(=NO1)C2=C(C=CC=C2Cl)F)C(=O)N[C@H]3[C@@H]4N(C3=O)[C@H](C(S4)(C)C)C(=O)O
Isradipine,CC1=C(C(C(=C(N1)C)C(=O)OC(C)C)C2=CC=CC3=NON=C32)C(=O)OC
Halofantrine,CCCCN(CCCC)CCC(C1=C2C=CC(=CC2=C3C=C(C=C(C3=C1)Cl)Cl)C(F)(F)F)O
scopoletin,COC1=C(C=C2C(=C1)C=CC(=O)O2)O
Rilmenidine,C1CC1C(C2CC2)NC3=NCCO3
Pizotifen,CN1CCC(=C2C3=C(CCC4=CC=CC=C42)SC=C3)CC1
Alfaxalone,CC(=O)[C@H]1CC[C@@H]2[C@@]1(CC(=O)[C@H]3[C@H]2CC[C@@H]4[C@@]3(CC[C@H](C4)O)C)C
Trapidil,CCN(CC)C1=CC(=NC2=NC=NN12)C
tiletamine,CCNC1(CCCCC1=O)C2=CC=CS2
Articaine,CCCNC(C)C(=O)NC1=C(SC=C1C)C(=O)OC
enilconazole,C=CCOC(CN1C=CN=C1)C2=C(C=C(C=C2)Cl)Cl
Pirlindole,CC1=CC2=C(C=C1)N3CCNC4C3=C2CCC4
Ribavirin,C1=NC(=NN1[C@H]2[C@@H]([C@@H]([C@H](O2)CO)O)O)C(=O)N
Azapropazone,CC1=CC2=C(C=C1)N=C(N3N2C(=O)[C@@H](C3=O)CC=C)N(C)C
deptropine,CN1[C@@H]2CC[C@H]1CC(C2)OC3C4=CC=CC=C4CCC5=CC=CC=C35
Isometheptene,CC(CCC=C(C)C)NC
Albendazole,CCCSC1=CC2=C(C=C1)N=C(N2)NC(=O)OC
Oxybutynin,CCN(CC)CC#CCOC(=O)C(C1CCCCC1)(C2=CC=CC=C2)O
Benzydamine,CN(C)CCCOC1=NN(C2=CC=CC=C21)CC3=CC=CC=C3
Oxytetracycline,C[C@@]1([C@H]2[C@@H]([C@H]3[C@@H](C(=O)C(=C([C@]3(C(=O)C2=C(C4=C1C=CC=C4O)O)O)O)C(=O)N)N(C)C)O)O
Guanethidine,C1CCCN(CCC1)CCN=C(N)N
Vinpocetine,CC[C@@]12CCCN3[C@@H]1C4=C(CC3)C5=CC=CC=C5N4C(=C2)C(=O)OCC
Cinnarizine,C1CN(CCN1CC=CC2=CC=CC=C2)C(C3=CC=CC=C3)C4=CC=CC=C4
fipexide,C1CN(CCN1CC2=CC3=C(C=C2)OCO3)C(=O)COC4=CC=C(C=C4)Cl
Pimozide,C1CN(CCC1N2C3=CC=CC=C3NC2=O)CCCC(C4=CC=C(C=C4)F)C5=CC=C(C=C5)F
Quinacrine,CCN(CC)CCCC(C)NC1=C2C=C(C=CC2=NC3=C1C=CC(=C3)Cl)OC
Clomipramine,CN(C)CCCN1C2=CC=CC=C2CCC3=C1C=C(C=C3)Cl
Methylprednisolone,C[C@H]1C[C@H]2[C@@H]3CC[C@@]([C@]3(C[C@@H]([C@@H]2[C@@]4(C1=CC(=O)C=C4)C)O)C)(C(=O)CO)O
Amodiaquine,CCN(CC)CC1=C(C=CC(=C1)NC2=C3C=CC(=CC3=NC=C2)Cl)O
clofilium tosylate,CCCCCCC[N+](CC)(CC)CCCCC1=CC=C(C=C1)Cl
Alprenolol,CC(C)NCC(COC1=CC=CC=C1CC=C)O
Praziquantel,C1CCC(CC1)C(=O)N2CC3C4=CC=CC=C4CCN3C(=O)C2
Fendiline,CC(C1=CC=CC=C1)NCCC(C2=CC=CC=C2)C3=CC=CC=C3
Quinidine,COC1=CC2=C(C=CN=C2C=C1)[C@@H]([C@H]3C[C@@H]4CCN3C[C@@H]4C=C)O
Sulfinpyrazone,C1=CC=C(C=C1)N2C(=O)C(C(=O)N2C3=CC=CC=C3)CCS(=O)C4=CC=CC=C4
Mebeverine,CCN(CCCCOC(=O)C1=CC(=C(C=C1)OC)OC)C(C)CC2=CC=C(C=C2)OC
Streptomycin,C[C@H]1[C@@]([C@H]([C@@H](O1)O[C@@H]2[C@H]([C@@H]([C@H]([C@@H]([C@H]2O)O)N=C(N)N)O)N=C(N)N)O[C@H]3[C@H]([C@@H]([C@H]([C@@H](O3)CO)O)O)NC)(C=O)O
tremorine,C1CCN(C1)CC#CCN2CCCC2
Furosemide,C1=COC(=C1)CNC2=CC(=C(C=C2C(=O)O)S(=O)(=O)N)Cl
Chlorthalidone,C1=CC=C2C(=C1)C(=O)NC2(C3=CC(=C(C=C3)Cl)S(=O)(=O)N)O
Bambuterol,CC(C)(C)NCC(C1=CC(=CC(=C1)OC(=O)N(C)C)OC(=O)N(C)C)O
Ketotifen,CN1CCC(=C2C3=C(C(=O)CC4=CC=CC=C42)SC=C3)CC1
lidoflazine,CC1=C(C(=CC=C1)C)NC(=O)CN2CCN(CC2)CCCC(C3=CC=C(C=C3)F)C4=CC=C(C=C4)F
Terbutaline,CC(C)(C)NCC(C1=CC(=CC(=C1)O)O)O
Alfuzosin,CN(CCCNC(=O)C1CCCO1)C2=NC3=CC(=C(C=C3C(=N2)N)OC)OC
Practolol,CC(C)NCC(COC1=CC=C(C=C1)NC(=O)C)O
Methapyrilene,CN(C)CCN(CC1=CC=CS1)C2=CC=CC=N2.Cl
Dobutamine,CC(CCC1=CC=C(C=C1)O)NCCC2=CC(=C(C=C2)O)O
Debrisoquin,C1CN(CC2=CC=CC=C21)C(=N)N
Betaxolol,CC(C)NCC(COC1=CC=C(C=C1)CCOCC2CC2)O
Ketanserin,C1CN(CCC1C(=O)C2=CC=C(C=C2)F)CCN3C(=O)C4=CC=CC=C4NC3=O
Desipramine,CNCCCN1C2=CC=CC=C2CCC3=CC=CC=C31
hemicholinium,C[N+]1(CCOC(C1)(C2=CC=C(C=C2)C3=CC=C(C=C3)C4(C[N+](CCO4)(C)C)O)O)C
Phenylpropanolamine,C[C@H]([C@H](C1=CC=CC=C1)O)N
Clorgiline,CN(CCCOC1=C(C=C(C=C1)Cl)Cl)CC#C
Metergoline,CN1C[C@@H](C[C@H]2[C@H]1CC3=CN(C4=CC=CC2=C34)C)CNC(=O)OCC5=CC=CC=C5
Ascorbic acid,C([C@@H]([C@@H]1C(=C(C(=O)O1)O)O)O)O
zaprinast,CCCOC1=CC=CC=C1C2=NC3=NNN=C3C(=O)N2
Brinzolamide,CCN[C@H]1CN(S(=O)(=O)C2=C1C=C(S2)S(=O)(=O)N)CCCOC
metitepine,CN1CCN(CC1)C2CC3=CC=CC=C3SC4=C2C=C(C=C4)SC
Mitoxantrone,C1=CC(=C2C(=C1NCCNCCO)C(=O)C3=C(C=CC(=C3C2=O)O)O)NCCNCCO
Amikacin,C1[C@@H]([C@H]([C@@H]([C@H]([C@@H]1NC(=O)[C@H](CCN)O)O[C@@H]2[C@@H]([C@H]([C@@H]([C@H](O2)CO)O)N)O)O)O[C@@H]3[C@@H]([C@H]([C@@H]([C@H](O3)CN)O)O)O)N
Methyldopa,C[C@](CC1=CC(=C(C=C1)O)O)(C(=O)O)N
Chlormezanone,CN1C(S(=O)(=O)CCC1=O)C2=CC=C(C=C2)Cl
Maprotiline,CNCCCC12CCC(C3=CC=CC=C31)C4=CC=CC=C24
Adenosine phosphate,C1=NC(=C2C(=N1)N(C=N2)[C@H]3[C@@H]([C@@H]([C@H](O3)COP(=O)(O)O)O)O)N
Ambroxol,C1CC(CCC1NCC2=C(C(=CC(=C2)Br)Br)N)O
Clofazimine,CC(C)N=C1C=C2C(=NC3=CC=CC=C3N2C4=CC=C(C=C4)Cl)C=C1NC5=CC=C(C=C5)Cl
Vanoxerine,C1CN(CCN1CCCC2=CC=CC=C2)CCOC(C3=CC=C(C=C3)F)C4=CC=C(C=C4)F
carcinine,C1=C(NC=N1)CCNC(=O)CCN
fusaric acid,CCCCC1=CN=C(C=C1)C(=O)O
lactobionic acid,C([C@@H]1[C@@H]([C@@H]([C@H]([C@@H](O1)O[C@H]([C@@H](CO)O)[C@@H]([C@H](C(=O)O)O)O)O)O)O)O
calcium pantothenate,CC(C)(CO)[C@H](C(=O)NCCC(=O)O)O.C1(C(=O)NC(=O)N1)NC(=O)N.[Ca+2]
levothyroxine sodium,CC(=O)NC(CC1=CC(=C(C=C1)O)I)C(=O)O
7-aminocephalosporanic acid,CC(=O)OCC1=C(N2[C@@H]([C@@H](C2=O)N)SC1)C(=O)O
Ginkgolide A,C[C@@H]1C(=O)O[C@@H]2[C@]1([C@@]34C(=O)O[C@H]5[C@]3(C2)[C@@]6([C@@H](C5)C(C)(C)C)[C@H](C(=O)O[C@H]6O4)O)O
lysergol,CN1C[C@@H](C=C2[C@H]1CC3=CNC4=CC=CC2=C34)CO
N-acetylmuramic acid,C[C@H](C(=O)O)O[C@H]1[C@@H]([C@H](OC([C@@H]1NC(=O)C)O)CO)O
Piperine,C1CCN(CC1)C(=O)/C=C/C=C/C2=CC3=C(C=C2)OCO3
Cyclobenzaprine,CN(C)CCC=C1C2=CC=CC=C2C=CC3=CC=CC=C31
mebhydrolin,CN1CCC2=C(C1)C3=CC=CC=C3N2CC4=CC=CC=C4
Brompheniramine,CN(C)CCC(C1=CC=C(C=C1)Br)C2=CC=CC=N2
buflomedil,COC1=CC(=C(C(=C1)OC)C(=O)CCCN2CCCC2)OC
Carteolol,CC(C)(C)NCC(COC1=CC=CC2=C1CCC(=O)N2)O
Naringenin,C1[C@H](OC2=CC(=CC(=C2C1=O)O)O)C3=CC=C(C=C3)O
Amantadine,C1C2CC3CC1CC(C2)(C3)N
Betulinic Acid,CC(=C)[C@@H]1CC[C@]2([C@H]1[C@H]3CC[C@@H]4[C@]5(CC[C@@H](C([C@@H]5CC[C@]4([C@@]3(CC2)C)C)(C)C)O)C)C(=O)O
Hydrocortisone,C[C@]12CCC(=O)C=C1CC[C@@H]3[C@@H]2[C@H](C[C@]4([C@H]3CC[C@@]4(C(=O)CO)O)C)O
Doxorubicin,C[C@H]1[C@H]([C@H](C[C@@H](O1)O[C@H]2C[C@@](CC3=C2C(=C4C(=C3O)C(=O)C5=C(C4=O)C(=CC=C5)OC)O)(C(=O)CO)O)N)O
Methoxsalen,COC1=C2C(=CC3=C1OC=C3)C=CC(=O)O2
Serotonin,C1=CC2=C(C=C1O)C(=CN2)CCN
Azacitidine,C1=NC(=NC(=O)N1[C@H]2[C@@H]([C@@H]([C@H](O2)CO)O)O)N
Levobunolol,CC(C)(C)NC[C@@H](COC1=CC=CC2=C1CCCC2=O)O
Cefamandole,CN1C(=NN=N1)SCC2=C(N3[C@@H]([C@@H](C3=O)NC(=O)[C@@H](C4=CC=CC=C4)O)SC2)C(=O)O
Dienestrol,C/C=C(/C(=C/C)/C1=CC=C(C=C1)O)\C2=CC=C(C=C2)O
Iopamidol,C[C@@H](C(=O)NC1=C(C(=C(C(=C1I)C(=O)NC(CO)CO)I)C(=O)NC(CO)CO)I)O
Cromoglicic acid,C1=CC2=C(C(=C1)OCC(COC3=CC=CC4=C3C(=O)C=C(O4)C(=O)O)O)C(=O)C=C(O2)C(=O)O
Ifosfamide,C1CN(P(=O)(OC1)NCCCl)CCCl
Proguanil,CC(C)N=C(N)N=C(N)NC1=CC=C(C=C1)Cl
Levocabastine,C[C@@H]1CN(CC[C@@]1(C2=CC=CC=C2)C(=O)O)C3CCC(CC3)(C#N)C4=CC=C(C=C4)F
Piribedil,C1CN(CCN1CC2=CC3=C(C=C2)OCO3)C4=NC=CC=N4
Torasemide,CC1=CC(=CC=C1)NC2=C(C=NC=C2)S(=O)(=O)NC(=O)NC(C)C
Etomidate,CCOC(=O)C1=CN=CN1[C@H](C)C2=CC=CC=C2
Imidurea,C(NC(=O)NC1C(=O)NC(=O)N1CO)NC(=O)NC2C(=O)NC(=O)N2CO
Netilmicin,CCN[C@@H]1C[C@@H]([C@H]([C@@H]([C@H]1O[C@@H]2[C@@H]([C@H]([C@@](CO2)(C)O)NC)O)O)O[C@@H]3[C@@H](CC=C(O3)CN)N)N
Mecamylamine,CC1(C2CCC(C2)C1(C)NC)C
Tridihexethyl,CC[N+](CC)(CC)CCC(C1CCCCC1)(C2=CC=CC=C2)O
Iopanoic acid,CCC(CC1=C(C(=C(C=C1I)I)N)I)C(=O)O
Lansoprazole,CC1=C(C=CN=C1CS(=O)C2=NC3=CC=CC=C3N2)OCC(F)(F)F
Viomycin,C1[C@@H](NC(=N[C@H]1O)N)[C@H]2C(=O)NC[C@@H](C(=O)N[C@H](C(=O)N[C@H](C(=O)N/C(=C\NC(=O)N)/C(=O)N2)CO)CO)NC(=O)C[C@H](CCCN)N
Prednicarbate,CCC(=O)OCC(=O)[C@]1(CC[C@@H]2[C@@]1(C[C@@H]([C@H]3[C@H]2CCC4=CC(=O)C=C[C@]34C)O)C)OC(=O)OCC
meprylcaine,CCCNC(C)(C)COC(=O)C1=CC=CC=C1
cyproterone,CC(=O)[C@]1(CC[C@@H]2[C@@]1(CC[C@H]3[C@H]2C=C(C4=CC(=O)[C@@H]5C[C@@H]5[C@]34C)Cl)C)O
Sulfadoxine,COC1=C(N=CN=C1OC)NS(=O)(=O)C2=CC=C(C=C2)N
Natamycin,C[C@@H]1C/C=C/C=C/C=C/C=C/[C@@H](C[C@H]2[C@@H]([C@H](C[C@](O2)(C[C@H](C[C@@H]3[C@H](O3)/C=C/C(=O)O1)O)O)O)C(=O)O)O[C@H]4[C@H]([C@H]([C@@H]([C@H](O4)C)O)N)O
Saquinavir,CC(C)(C)NC(=O)[C@@H]1C[C@@H]2CCCC[C@@H]2CN1C[C@H]([C@H](CC3=CC=CC=C3)NC(=O)[C@H](CC(=O)N)NC(=O)C4=NC5=CC=CC=C5C=C4)O
Sertaconazole,C1=CC2=C(C(=C1)Cl)SC=C2COC(CN3C=CN=C3)C4=C(C=C(C=C4)Cl)Cl
piperidolate,CCN1CCCC(C1)OC(=O)C(C2=CC=CC=C2)C3=CC=CC=C3
Milrinone,CC1=C(C=C(C(=O)N1)C#N)C2=CC=NC=C2
Dexpropranolol,CC(C)NC[C@H](COC1=CC=CC2=CC=CC=C21)O
Cyclopentolate,CN(C)CCOC(=O)C(C1=CC=CC=C1)C2(CCCC2)O
Verteporfin,CC1=C(C2=CC3=NC(=CC4=C(C(=C(N4)C=C5[C@@]6([C@@H](C(=CC=C6C(=N5)C=C1N2)C(=O)OC)C(=O)OC)C)C)CCC(=O)OC)C(=C3C)CCC(=O)O)C=C
Repaglinide,CCOC1=C(C=CC(=C1)CC(=O)N[C@@H](CC(C)C)C2=CC=CC=C2N3CCCCC3)C(=O)O
Trifluridine,C1[C@@H]([C@H](O[C@H]1N2C=C(C(=O)NC2=O)C(F)(F)F)CO)O
methanthelinium bromide,CC[N+](C)(CC)CCOC(=O)C1C2=CC=CC=C2OC3=CC=CC=C13
Ciprofibrate,CC(C)(C(=O)O)OC1=CC=C(C=C1)C2CC2(Cl)Cl
Cycloserine,C1[C@H](C(=O)NO1)N
Estriol,C[C@]12CC[C@H]3[C@H]([C@@H]1C[C@H]([C@@H]2O)O)CCC4=C3C=CC(=C4)O
Meropenem,C[C@@H]1[C@@H]2[C@H](C(=O)N2C(=C1S[C@H]3C[C@H](NC3)C(=O)N(C)C)C(=O)O)[C@@H](C)O
Dorzolamide,CCN[C@H]1C[C@@H](S(=O)(=O)C2=C1C=C(S2)S(=O)(=O)N)C
Oxprenolol,CC(C)NCC(COC1=CC=CC=C1OCC=C)O
tropine,CN1[C@@H]2CC[C@H]1CC(C2)O
chloropyrazine,C1=CN=C(C=N1)Cl
(-)-isoprenaline,CC(C)NC[C@@H](C1=CC(=C(C=C1)O)O)O
Ramipril,CCOC(=O)[C@H](CCC1=CC=CC=C1)N[C@@H](C)C(=O)N2[C@H]3CCC[C@H]3C[C@H]2C(=O)O
Azaperone,C1CN(CCN1CCCC(=O)C2=CC=C(C=C2)F)C3=CC=CC=N3
piperacetazine,CC(=O)C1=CC2=C(C=C1)SC3=CC=CC=C3N2CCCN4CCC(CC4)CCO
Ondansetron,CC1=NC=CN1CC2CCC3=C(C2=O)C4=CC=CC=C4N3C
Thiethylperazine,CCSC1=CC2=C(C=C1)SC3=CC=CC=C3N2CCCN4CCN(CC4)C
Benzylpenicillin,CC1([C@@H](N2[C@H](S1)[C@@H](C2=O)NC(=O)CC3=CC=CC=C3)C(=O)O)C
Synephrine,CNCC(C1=CC=C(C=C1)O)O
Mephenytoin,CCC1(C(=O)N(C(=O)N1)C)C2=CC=CC=C2
Cefepime,C[N+]1(CCCC1)CC2=C(N3[C@@H]([C@@H](C3=O)N)SC2)C(=O)O
Oxyphenbutazone,CCCCC1C(=O)N(N(C1=O)C2=CC=C(C=C2)O)C3=CC=CC=C3
Propoxycaine,CCCOC1=C(C=CC(=C1)N)C(=O)OCCN(CC)CC
myosmine,C1CC(=NC1)C2=CN=CC=C2
benzamil,C1=CC=C(C=C1)CN=C(N)NC(=O)C2=C(N=C(C(=N2)Cl)N)N
betonicine,CC(=O)OC1CC([N+](C1)(C)C)C(=O)O
Flurandrenolide,C[C@]12CCC(=O)C=C1[C@H](C[C@@H]3[C@@H]2[C@H](C[C@]4([C@H]3C[C@@H]5[C@]4(OC(O5)(C)C)C(=O)CO)C)O)F
Methotrimeprazine,C[C@@H](CN1C2=CC=CC=C2SC3=C1C=C(C=C3)OC)CN(C)C
solasodine,C[C@@H]1CC[C@@]2([C@H]([C@H]3[C@@H](O2)C[C@@H]4[C@@]3(CC[C@H]5[C@H]4CC=C6[C@@]5(CC[C@@H](C6)O)C)C)C)NC1
Promazine,CN(C)CCCN1C2=CC=CC=C2SC3=CC=CC=C31
Fluocinonide,CC(=O)OCC(=O)[C@@]12[C@@H](C[C@@H]3[C@@]1(C[C@@H]([C@]4([C@H]3C[C@@H](C5=CC(=O)C=C[C@@]54C)F)F)O)C)OC(O2)(C)C
Piperacillin,CCN1CCN(C(=O)C1=O)C(=O)N[C@H](C2=CC=CC=C2)C(=O)N[C@H]3[C@@H]4N(C3=O)[C@H](C(S4)(C)C)C(=O)O
methylbenzethonium chloride,CC1=C(C=CC(=C1)C(C)(C)CC(C)(C)C)OCCOCC[N+](C)(C)CC2=CC=CC=C2
Indapamide,CC1CC2=CC=CC=C2N1NC(=O)C3=CC(=C(C=C3)Cl)S(=O)(=O)N
Mexiletine,CC1=C(C(=CC=C1)C)OCC(C)N
Chlorambucil,C1=CC(=CC=C1CCCC(=O)O)N(CCCl)CCCl
levcycloserine,C1[C@@H](C(=O)NO1)N
Nialamide,C1=CC=C(C=C1)CNC(=O)CCNNC(=O)C2=CC=NC=C2
Quinethazone,CCC1NC2=CC(=C(C=C2C(=O)N1)S(=O)(=O)N)Cl
santonin,C[C@H]1[C@@H]2CC[C@]3(C=CC(=O)C(=C3[C@H]2OC1=O)C)C
Homosalate,CC1CC(CC(C1)(C)C)OC(=O)C2=CC=CC=C2O
parbendazole,CCCCC1=CC2=C(C=C1)N=C(N2)NC(=O)OC
Cyclacillin,CC1([C@@H](N2[C@H](S1)[C@@H](C2=O)NC(=O)C3(CCCCC3)N)C(=O)O)C
Ethotoin,CCN1C(=O)C(NC1=O)C2=CC=CC=C2
Spiradoline,CN([C@H]1CC[C@@]2(CCCO2)C[C@@H]1N3CCCC3)C(=O)CC4=CC(=C(C=C4)Cl)Cl
withaferin A,CC1=C(C(=O)O[C@H](C1)[C@@H](C)[C@H]2CC[C@@H]3[C@@]2(CC[C@H]4[C@H]3C[C@@H]5[C@]6([C@@]4(C(=O)C=C[C@@H]6O)C)O5)C)CO
Citalopram,CN(C)CCCC1(C2=C(CO1)C=C(C=C2)C#N)C3=CC=C(C=C3)F
Paroxetine,C1CNC[C@H]([C@@H]1C2=CC=C(C=C2)F)COC3=CC4=C(C=C3)OCO4
Benfotiamine,CC1=NC=C(C(=N1)N)CN(C=O)/C(=C(/CCOP(=O)(O)O)\SC(=O)C2=CC=CC=C2)/C
Rifabutin,C[C@H]1/C=C/C=C(\C(=O)N=C2C(=C3C(=C4C2=NC5(N4)CCN(CC5)CC(C)C)C6=C(C(=C3O)C)O[C@@](C6=O)(O/C=C/[C@@H]([C@H]([C@H]([C@@H]([C@@H]([C@@H]([C@H]1O)C)O)C)OC(=O)C)C)OC)C)O)/C
"2,6-dimethylpiperidine",CC1CCCC(N1)C
Troleandomycin,C[C@@H]1C[C@@H]([C@H]([C@@H](O1)O[C@H]2[C@H](C[C@@]3(CO3)C(=O)[C@@H]([C@H]([C@H]([C@H](OC(=O)[C@@H]([C@H]([C@@H]2C)O[C@H]4C[C@@H]([C@H]([C@@H](O4)C)OC(=O)C)OC)C)C)C)OC(=O)C)C)C)OC(=O)C)N(C)C
Oxybuprocaine,CCCCOC1=C(C=CC(=C1)C(=O)OCCN(CC)CC)N
Trihexyphenidyl,C1CCC(CC1)C(CCN2CCCCC2)(C3=CC=CC=C3)O
benzathine benzylpenicillin,CC1([C@@H](N2[C@H](S1)[C@@H](C2=O)NC(=O)CC3=CC=CC=C3)C(=O)O)C.CC1([C@@H](N2[C@H](S1)[C@@H](C2=O)NC(=O)CC3=CC=CC=C3)C(=O)O)C.C1=CC=C(C=C1)CNCCNCC2=CC=CC=C2
Metacycline,CN(C)[C@H]1[C@@H]2[C@H]([C@@H]3C(=C)C4=C(C(=CC=C4)O)C(=C3C(=O)[C@@]2(C(=C(C1=O)C(=O)N)O)O)O)O
Cinchocaine,CCCCOC1=NC2=CC=CC=C2C(=C1)C(=O)NCCN(CC)CC
Methionine sulfoximine,CS(=N)(=O)CC[C@@H](C(=O)O)N
Metrizamide,CC(=O)NC1=C(C(=C(C(=C1I)C(=O)N[C@@H](C=O)[C@H]([C@@H]([C@@H](CO)O)O)O)I)N(C)C(=O)C)I
Cefadroxil,CC1=C(N2[C@@H]([C@@H](C2=O)NC(=O)[C@@H](C3=CC=C(C=C3)O)N)SC1)C(=O)O
Tobramycin,C1[C@@H]([C@H]([C@@H]([C@H]([C@@H]1N)O[C@@H]2[C@@H]([C@H]([C@@H]([C@H](O2)CO)O)N)O)O)O[C@@H]3[C@@H](C[C@@H]([C@H](O3)CN)O)N)N
Moxonidine,CC1=NC(=C(C(=N1)Cl)NC2=NCCN2)OC
4-hydroxyphenazone,CC1=C(C(=O)N(N1C)C2=CC=CC=C2)O
Trimethobenzamide,CN(C)CCOC1=CC=C(C=C1)CNC(=O)C2=CC(=C(C(=C2)OC)OC)OC
Idoxuridine,C1[C@@H]([C@H](O[C@H]1N2C=C(C(=O)NC2=O)I)CO)O
epitiostanol,C[C@]12CC[C@H]3[C@H]([C@@H]1CC[C@@H]2O)CC[C@@H]4[C@@]3(C[C@@H]5[C@H](C4)S5)C
pepstatin,C[C@@H](C(=O)N[C@@H](CC(C)C)[C@H](CC(=O)O)O)NC(=O)C[C@@H]([C@H](CC(C)C)NC(=O)[C@H](C(C)C)NC(=O)[C@H](C(C)C)NC(=O)CC(C)C)O
Diflunisal,C1=CC(=C(C=C1C2=C(C=C(C=C2)F)F)C(=O)O)O
corynanthine,COC(=O)[C@@H]1[C@H](CC[C@@H]2[C@@H]1C[C@H]3C4=C(CCN3C2)C5=CC=CC=C5N4)O
salsolinol,C[C@H]1C2=CC(=C(C=C2CCN1)O)O
amprolium,CCCC1=NC=C(C(=N1)N)C[N+]2=CC=CC=C2C
Antipyrine,CC1=CC(=O)N(N1C)C2=CC=CC=C2
Tocainide,CC1=C(C(=CC=C1)C)NC(=O)C(C)N
Zuclopenthixol,C1CN(CCN1CC/C=C\2/C3=CC=CC=C3SC4=C2C=C(C=C4)Cl)CCO
Sulpiride,CCN1CCCC1CNC(=O)C2=C(C=CC(=C2)S(=O)(=O)N)OC
Sparteine,C1CCN2C[C@@H]3C[C@H]([C@@H]2C1)CN4[C@H]3CCCC4
pancuronium bromide,CC(=O)O[C@H]1C[C@@H]2CC[C@@H]3[C@@H]([C@]2(C[C@@H]1[N+]4(CCCCC4)C)C)CC[C@]5([C@H]3C[C@@H]([C@@H]5OC(=O)C)[N+]6(CCCCC6)C)C
alcuronium chloride,C=CC[N@@+]12CC[C@@]34[C@@H]1C[C@@H]5[C@H]([C@@H]3NC6=CC=CC=C46)[C@@H](OCC=C5C2)O
tetramisole,C1CSC2=NC(CN21)C3=CC=CC=C3
Lidocaine,CCN(CC)CC(=O)NC1=C(C=CC=C1C)C
Clobetasol,C[C@H]1C[C@H]2[C@@H]3CCC4=CC(=O)C=C[C@@]4([C@]3([C@H](C[C@@]2([C@]1(C(=O)CCl)O)C)O)F)C
diperodon,C1CCN(CC1)CC(COC(=O)NC2=CC=CC=C2)OC(=O)NC3=CC=CC=C3
terguride,CCN(CC)C(=O)N[C@H]1C[C@H]2[C@@H](CC3=CNC4=CC=CC2=C34)N(C1)C
Guanabenz,C1=CC(=C(C(=C1)Cl)C=NN=C(N)N)Cl
Phenoxybenzamine,CC(COC1=CC=CC=C1)N(CCCl)CC2=CC=CC=C2
Enoxacin,CCN1C=C(C(=O)C2=CC(=C(N=C21)N3CCNCC3)F)C(=O)O
lorglumide,CCCCCN(CCCCC)C(=O)C(CCC(=O)O)NC(=O)C1=CC(=C(C=C1)Cl)Cl
Flurbiprofen,CC(C1=CC(=C(C=C1)C2=CC=CC=C2)F)C(=O)O
Timolol,CC(C)(C)NC[C@@H](COC1=NSN=C1N2CCOCC2)O
Carisoprodol,CCCC(C)(COC(=O)N)COC(=O)NC(C)C
Daunorubicin,C[C@H]1[C@H]([C@H](C[C@@H](O1)O[C@H]2C[C@@](CC3=C2C(=C4C(=C3O)C(=O)C5=C(C4=O)C(=CC=C5)OC)O)(C(=O)C)O)N)O
Benzbromarone,CCC1=C(C2=CC=CC=C2O1)C(=O)C3=CC(=C(C(=C3)Br)O)Br
Piracetam,C1CC(=O)N(C1)CC(=O)N
octopamine,C1=CC(=CC=C1C(CN)O)O
Allantoin,C1(C(=O)NC(=O)N1)NC(=O)N
Ceftazidime,CC(C)(C(=O)O)O/N=C(/C1=CSC(=N1)N)\C(=O)N[C@H]2CN(C2=O)S(=O)(=O)O
Norethisterone,C[C@]12CC[C@H]3[C@H]([C@@H]1CC[C@]2(C#C)O)CCC4=CC(=O)CC[C@H]34
Homatropine,CN1[C@@H]2CC[C@H]1CC(C2)OC(=O)C(C3=CC=CC=C3)O
Trimetazidine,COC1=C(C(=C(C=C1)CN2CCNCC2)OC)OC
denatonium benzoate,CC[N+](CC)(CC1=CC=CC=C1)CC(=O)NC2=C(C=CC=C2C)C
harmalol,CC1=NCCC2=C1NC3=C2C=CC(=C3)O
Dapsone,C1=CC(=CC=C1N)S(=O)(=O)C2=CC=C(C=C2)N
Perhexiline,C1CCC(CC1)C(CC2CCCCN2)C3CCCCC3
Bufexamac,CCCCOC1=CC=C(C=C1)CC(=O)NO
Thiocolchicoside,CC(=O)N[C@H]1CCC2=CC(=C(C(=C2C3=CC=C(C(=O)C=C13)SC)OC)OC)O[C@H]4[C@@H]([C@H]([C@@H]([C@H](O4)CO)O)O)O
Cyclizine,CN1CCN(CC1)C(C2=CC=CC=C2)C3=CC=CC=C3
Bumetanide,CCCCNC1=C(C(=CC(=C1)C(=O)O)S(=O)(=O)N)OC2=CC=CC=C2
Betamethasone,C[C@H]1C[C@H]2[C@@H]3CCC4=CC(=O)C=C[C@@]4([C@]3([C@H](C[C@@]2([C@]1(C(=O)CO)O)C)O)F)C
Cefoperazone,CCN1CCN(C(=O)C1=O)C(=O)NC(C2=CC=C(C=C2)O)C(=O)N[C@H]3[C@@H]4N(C3=O)C(=C(CS4)CSC5=NN=NN5C)C(=O)O
Molsidomine,CCOC(=O)NC1=C[N+](=NO1)N2CCOCC2
Propafenone,CCCNCC(COC1=CC=CC=C1C(=O)CCC2=CC=CC=C2)O
Sulfasalazine,C1=CC=NC(=C1)NS(=O)(=O)C2=CC=C(C=C2)N=NC3=CC(=C(C=C3)O)C(=O)O
Dimenhydrinate,CN1C2=C(C(=O)N(C1=O)C)NC(=N2)Cl.CN(C)CCOC(C1=CC=CC=C1)C2=CC=CC=C2
raubasine,C[C@H]1[C@H]2CN3CCC4=C([C@@H]3C[C@@H]2C(=CO1)C(=O)OC)NC5=CC=CC=C45
Nomegestrol,CC1=C[C@@H]2[C@H](CC[C@]3([C@H]2CC[C@@]3(C(=O)C)O)C)[C@@H]4C1=CC(=O)CC4
Iodipamide,C1=C(C(=C(C(=C1I)NC(=O)CCCCC(=O)NC2=C(C=C(C(=C2I)C(=O)O)I)I)I)C(=O)O)I
tetrahydroalstonine,C[C@H]1[C@@H]2CN3CCC4=C([C@@H]3C[C@@H]2C(=CO1)C(=O)OC)NC5=CC=CC=C45
Cytisine,C1[C@H]2CNC[C@@H]1C3=CC=CC(=O)N3C2
Physostigmine,C[C@@]12CCN([C@@H]1N(C3=C2C=C(C=C3)OC(=O)NC)C)C
Papaverine,COC1=C(C=C(C=C1)CC2=NC=CC3=CC(=C(C=C32)OC)OC)OC
methacholine chloride,CC(C[N+](C)(C)C)OC(=O)C.Cl
spiperone,C1CN(CCC12C(=O)NCN2C3=CC=CC=C3)CCCC(=O)C4=CC=C(C=C4)F
alpha-yohimbine,COC(=O)[C@@H]1[C@H](CC[C@H]2[C@@H]1C[C@H]3C4=C(CCN3C2)C5=CC=CC=C5N4)O
Ticarcillin,CC1([C@@H](N2[C@H](S1)[C@@H](C2=O)NC(=O)[C@@H](C3=CSC=C3)C(=O)O)C(=O)O)C
Valinomycin,C[C@H]1C(=O)N[C@H](C(=O)O[C@@H](C(=O)N[C@@H](C(=O)O[C@H](C(=O)N[C@H](C(=O)O[C@@H](C(=O)N[C@@H](C(=O)O[C@H](C(=O)N[C@H](C(=O)O[C@@H](C(=O)N[C@@H](C(=O)O1)C(C)C)C(C)C)C(C)C)C)C(C)C)C(C)C)C(C)C)C)C(C)C)C(C)C)C(C)C
Rotenone,CC(=C)[C@H]1CC2=C(O1)C=CC3=C2O[C@@H]4COC5=CC(=C(C=C5[C@@H]4C3=O)OC)OC
Pioglitazone,CCC1=CN=C(C=C1)CCOC2=CC=C(C=C2)CC3C(=O)NC(=O)S3
Metrifonate,COP(=O)(C(C(Cl)(Cl)Cl)O)OC
Phenindione,C1=CC=C(C=C1)C2C(=O)C3=CC=CC=C3C2=O
Lincomycin,CCC[C@@H]1C[C@H](N(C1)C)C(=O)N[C@@H]([C@@H]2[C@@H]([C@@H]([C@H]([C@H](O2)SC)O)O)O)[C@@H](C)O
nipecotic acid,C1CC(CNC1)C(=O)O
Iobenguane,C1=CC(=CC(=C1)I)CN=C(N)N
Econazole,C1=CC(=CC=C1COC(CN2C=CN=C2)C3=C(C=C(C=C3)Cl)Cl)Cl
hydrastine hydrochloride,CN1CCC2=CC3=C(C=C2[C@@H]1[C@@H]4C5=C(C(=C(C=C5)OC)OC)C(=O)O4)OCO3.Cl
Chenodeoxycholic acid,C[C@H](CCC(=O)O)[C@H]1CC[C@@H]2[C@@]1(CC[C@H]3[C@H]2[C@@H](C[C@H]4[C@@]3(CC[C@H](C4)O)C)O)C
Pivmecillinam,CC1([C@@H](N2[C@H](S1)[C@@H](C2=O)N=CN3CCCCCC3)C(=O)OCOC(=O)C(C)(C)C)C
heptaminol,CC(CCCC(C)(C)O)N
Piretanide,C1CCN(C1)C2=C(C(=CC(=C2)C(=O)O)S(=O)(=O)N)OC3=CC=CC=C3
kaempferol,C1=CC(=CC=C1C2=C(C(=O)C3=C(C=C(C=C3O2)O)O)O)O
erastin,CCOC1=CC=CC=C1N2C(=O)C3=CC=CC=C3N=C2C(C)N4CCN(CC4)C(=O)COC5=CC=C(C=C5)Cl
Valdecoxib,CC1=C(C(=NO1)C2=CC=CC=C2)C3=CC=C(C=C3)S(=O)(=O)N
Orlistat,CCCCCCCCCCC[C@@H](C[C@H]1[C@@H](C(=O)O1)CCCCCC)OC(=O)[C@H](CC(C)C)NC=O
Esatenolol,CC(C)NC[C@@H](COC1=CC=C(C=C1)CC(=O)N)O
Fluspirilene,C1CN(CCC12C(=O)NCN2C3=CC=CC=C3)CCCC(C4=CC=C(C=C4)F)C5=CC=C(C=C5)F
Promethazine,CC(CN1C2=CC=CC=C2SC3=CC=CC=C31)N(C)C
Etynodiol,C[C@]12CC[C@H]3[C@H]([C@@H]1CC[C@]2(C#C)O)CCC4=C[C@H](CC[C@H]34)O
Dinoprostone,CCCCC[C@@H](/C=C/[C@H]1[C@@H](CC(=O)[C@@H]1C/C=C\CCCC(=O)O)O)O
6-bromoindirubin-3'-oxime,C1=CC=C2C(=C1)C(=C(N2)C3=C(NC4=C3C=CC(=C4)Br)O)N=O
Prezatide,C1=C(NC=N1)C[C@@H](C(=O)N[C@@H](CCCCN)C(=O)O)NC(=O)CN
"16,16-dimethylprostaglandin E2",CCCCC(C)(C)[C@@H](/C=C/[C@H]1[C@@H](CC(=O)[C@@H]1C/C=C\CCCC(=O)O)O)O
Loxapine,CN1CCN(CC1)C2=NC3=CC=CC=C3OC4=C2C=C(C=C4)Cl
monocrotaline,C[C@H]1C(=O)O[C@@H]2CCN3[C@@H]2C(=CC3)COC(=O)[C@]([C@]1(C)O)(C)O
SB-202190,C1=CC(=CC=C1C2=NC(=C(N2)C3=CC=NC=C3)C4=CC=C(C=C4)F)O
Carmustine,C(CCl)NC(=O)N(CCCl)N=O
AH-23848,C1COCCN1[C@H]2[C@@H]([C@@H](CC2=O)OCC3=CC=C(C=C3)C4=CC=CC=C4)CC/C=C\CCC(=O)O
SB-203580,CS(=O)C1=CC=C(C=C1)C2=NC(=C(N2)C3=CC=NC=C3)C4=CC=C(C=C4)F
scriptaid,C1=CC2=C3C(=C1)C(=O)N(C(=O)C3=CC=C2)CCCCCC(=O)NO
Artemisinin,C[C@@H]1CC[C@H]2[C@H](C(=O)O[C@H]3[C@@]24[C@H]1CC[C@](O3)(OO4)C)C
Isoxicam,CC1=CC(=NO1)NC(=O)C2=C(C3=CC=CC=C3S(=O)(=O)N2C)O
Lomustine,C1CCC(CC1)NC(=O)N(CCCl)N=O
Alsterpaullone,C1C2=C(C3=CC=CC=C3NC1=O)NC4=C2C=C(C=C4)N(O)O
thapsigargin,CCCCCCCC(=O)O[C@H]1[C@H]2C(=C([C@@H]1OC(=O)/C(=C\C)/C)C)[C@H]3[C@]([C@H](C[C@]2(C)OC(=O)C)OC(=O)CCC)([C@](C(=O)O3)(C)O)O
SC-19220,CC(=O)NNC(=O)N1CC2=CC=CC=C2OC3=C1C=C(C=C3)Cl
GW-8510,C1=CC=NC(=C1)NS(=O)(=O)C2=CC=C(C=C2)N=CC3=C(NC4=C3C5=C(C=C4)N=CS5)O
MG-262,B([C@H](CC(C)C)NC(=O)[C@H](CC(C)C)NC(=O)[C@H](CC(C)C)NC(=O)OCC1=CC=CC=C1)(O)O
MS-275,C1=CC=C(C(=C1)N)NC(=O)C2=CC=C(C=C2)CNC(=O)OCC3=CN=CC=C3
AH-6809,CC(C)OC1=CC2=C(C=C1)C(=O)C3=C(O2)C=CC(=C3)C(=O)O
Flunarizine,C1CN(CCN1C/C=C/C2=CC=CC=C2)C(C3=CC=C(C=C3)F)C4=CC=C(C=C4)F
Diphenidol,C1CCN(CC1)CCCC(C2=CC=CC=C2)(C3=CC=CC=C3)O
Risperidone,CC1=C(C(=O)N2CCCCC2=N1)CCN3CCC(CC3)C4=NOC5=C4C=CC(=C5)F
Acetazolamide,CC(=O)NC1=NN=C(S1)S(=O)(=O)N
Tetracaine,CCCCNC1=CC=C(C=C1)C(=O)OCCN(C)C
Semustine,CC1CCC(CC1)NC(=O)N(CCCl)N=O
15(S)-15-methylprostaglandin E2,CCCCC[C@@](C)(/C=C/[C@H]1[C@@H](CC(=O)[C@@H]1C/C=C\CCCC(=O)O)O)O
suramin sodium,CC1=C(C=C(C=C1)C(=O)NC2=C3C(=CC(=CC3=C(C=C2)S(=O)(=O)O)S(=O)(=O)O)S(=O)(=O)O)NC(=O)C4=CC(=CC=C4)NC(=O)NC5=CC=CC(=C5)C(=O)NC6=C(C=CC(=C6)C(=O)NC7=C8C(=CC(=CC8=C(C=C7)S(=O)(=O)O)S(=O)(=O)O)S(=O)(=O)O)C
CP-944629,CC(C)(C)C1=NN=C2N1C=C(C=C2)C3=C(N=CO3)C4=CC(=C(C=C4F)F)F
Irinotecan,CCC1=C2CN3C(=CC4=C(C3=O)COC(=O)[C@@]4(CC)O)C2=NC5=C1C=C(C=C5)OC(=O)N6CCC(CC6)N7CCCCC7
meteneprost,CCCCC(C)(C)[C@@H](/C=C/[C@H]1[C@@H](CC(=C)[C@@H]1C/C=C\CCCC(=O)O)O)O
CP-863187,CC(C)C1=NN=C2N1C=C(C=C2)C3=C(N=CO3)C4=C(C=CC(=C4)F)F
"11-deoxy-16,16-dimethylprostaglandin E2",CCCCC(C)(C)C(/C=C/[C@H]1CCC(=O)C1C/C=C\CCCC(=O)O)O
Vinblastine,CC[C@@]1(C[C@H]2C[C@@](C3=C(CCN(C2)C1)C4=CC=CC=C4N3)(C5=C(C=C6C(=C5)[C@]78CCN9[C@H]7[C@@](C=CC9)([C@H]([C@@]([C@@H]8N6C)(C(=O)OC)O)OC(=O)C)CC)OC)C(=O)OC)O
15-delta prostaglandin J2,CCCCC[C@@H](C/C=C/1\[C@H](C=CC1=O)C/C=C\CCCC(=O)O)O
Nifedipine,CC1=C(C(C(=C(N1)C)C(=O)OC)C2=CC=CC=C2[N+](=O)[O-])C(=O)OC
Nitrendipine,CCOC(=O)C1=C(NC(=C(C1C2=CC(=CC=C2)[N+](=O)[O-])C(=O)OC)C)C
Cobalt chloride,[Cl-].[Cl-].[Co+2]
Cupric sulfate,[O-]S(=O)(=O)[O-].[Cu+2]
oligomycin,CC[C@@H]/1CC[C@H]2C(C([C@H]([C@@]3(O2)CC[C@H]([C@H](O3)CC(C)O)C)C)OC(=O)/C=C/[C@@H]([C@H]([C@H](C(=O)C([C@@H]([C@H](C(=O)[C@@]([C@@H]([C@H](C/C=C/C=C1)C)O)(C)O)C)O)C)C)O)C)C
HC toxin,C[C@@H]1C(=O)N[C@H](C(=O)N2CCC[C@@H]2C(=O)N[C@H](C(=O)N1)C)CCCCCC(=O)[C@@H]3CO3
Cyanocobalamin,CC1=CC2=C(C=C1C)N(C=N2)[C@@H]3[C@@H]([C@@H]([C@H](O3)CO)OP(=O)([O-])O[C@H](C)CNC(=O)CC[C@@]4([C@H]([C@@H]5[C@]6([C@@]([C@@H](/C(=C(/C7=N/C(=C\C8=N/C(=C(\C4=N5)/C)/[C@H](C8(C)C)CCC(=O)N)/[C@H]([C@]7(C)CC(=O)N)CCC(=O)N)\C)/[N-]6)CCC(=O)N)(C)CC(=O)N)C)CC(=O)N)C)O.[C-]#N.[Co+3]
lumicolchicine,CC(=O)N[C@H]1CCC2=CC(=C(C(=C2C3=C1[C@H]4[C@@H]3C=C(C4=O)OC)OC)OC)OC
Cefotetan,CN1C(=NN=N1)SCC2=C(N3[C@@H]([C@@](C3=O)(NC(=O)C4SC(=C(C(=O)N)C(=O)O)S4)OC)SC2)C(=O)O
DL-alpha-Tocopherol,CC1=C(C2=C(CCC(O2)(C)CCCC(C)CCCC(C)CCCC(C)C)C(=C1O)C)C
Apigenin,C1=CC(=CC=C1C2=CC(=O)C3=C(C=C(C=C3O2)O)O)O
N-acetyl-L-aspartic acid ,CC(=O)N[C@@H](CC(=O)O)C(=O)O
Myricetin,C1=C(C=C(C(=C1O)O)O)C2=C(C(=O)C3=C(C=C(C=C3O2)O)O)O
SR-95639A,C1CC2=CC=CC=C2C3=NN=C(C=C3C1)NCCN4CCOCC4.Cl.Cl
Diphemanil Methylsulfate,C[N+]1(CCC(=C(C2=CC=CC=C2)C3=CC=CC=C3)CC1)C.COS(=O)(=O)[O-]
Metronidazole,CC1=NC=C(N1CCO)[N+](=O)[O-]
Chloramphenicol,C1=CC(=CC=C1[C@H]([C@@H](CO)NC(=O)C(Cl)Cl)O)[N+](=O)[O-]
Gallamine Triethiodide,CC[N+](CC)(CC)CCOC1=C(C(=CC=C1)OCC[N+](CC)(CC)CC)OCC[N+](CC)(CC)CC.[I-].[I-].[I-]
Ranitidine,CN/C(=C\[N+](=O)[O-])/NCCSCC1=CC=C(O1)CN(C)C
lanatoside C,C[C@@H]1[C@H]([C@H](C[C@@H](O1)O[C@H]2CC[C@]3([C@@H](C2)CC[C@@H]4[C@@H]3C[C@H]([C@]5([C@@]4(CC[C@@H]5C6=CC(=O)OC6)O)C)O)C)O)O[C@H]7C[C@@H]([C@@H]([C@H](O7)C)O[C@H]8C[C@@H]([C@@H]([C@H](O8)C)O[C@H]9[C@@H]([C@H]([C@@H]([C@H](O9)CO)O)O)O)OC(=O)C)O
Isoconazole,C1=CC(=C(C(=C1)Cl)COC(CN2C=CN=C2)C3=C(C=C(C=C3)Cl)Cl)Cl
Tranylcypromine,C1[C@H]([C@@H]1N)C2=CC=CC=C2
Dantrolene,C1C(=O)NC(=O)N1/N=C/C2=CC=C(O2)C3=CC=C(C=C3)[N+](=O)[O-]
Flutamide,CC(C)C(=O)NC1=CC(=C(C=C1)[N+](=O)[O-])C(F)(F)F
Nitrofural,C1=C(OC(=C1)[N+](=O)[O-])C=NNC(=O)N
R-atenolol,CC(C)NC[C@H](COC1=CC=C(C=C1)CC(=O)N)O
Etanidazole,C1=CN(C(=N1)[N+](=O)[O-])CC(=O)NCCO
Tinidazole,CCS(=O)(=O)CCN1C(=NC=C1[N+](=O)[O-])C
L-proline betaine,C[N+]1(CCC[C@H]1C(=O)[O-])C
Trolox C,CC1=C(C2=C(CCC(O2)(C)C(=O)O)C(=C1O)C)C
Ganciclovir,C1=NC2=C(N1COC(CO)CO)N=C(NC2=O)N
Nimodipine,CC1=C(C(C(=C(N1)C)C(=O)OC(C)C)C2=CC(=CC=C2)[N+](=O)[O-])C(=O)OCCOC
Zidovudine,CC1=CN(C(=O)NC1=O)[C@H]2C[C@@H]([C@H](O2)CO)N=[N+]=[N-]
Nicardipine,CC1=C(C(C(=C(N1)C)C(=O)OCCN(C)CC2=CC=CC=C2)C3=CC(=CC=C3)[N+](=O)[O-])C(=O)OC
Chicago Sky Blue 6B,COC1=C(C=CC(=C1)C2=CC(=C(C=C2)N=NC3=C(C4=C(C=C3)C(=CC(=C4N)S(=O)(=O)[O-])S(=O)(=O)[O-])O)OC)N=NC5=C(C6=C(C=C5)C(=CC(=C6N)S(=O)(=O)[O-])S(=O)(=O)[O-])O.[Na+].[Na+].[Na+].[Na+]
Roxarsone,C1=CC(=C(C=C1[As](=O)(O)O)[N+](=O)[O-])O
SR-95531,COC1=CC=C(C=C1)C2=NN(C(=N)C=C2)CCCC(=O)O
Nilutamide,CC1(C(=O)N(C(=O)N1)C2=CC(=C(C=C2)[N+](=O)[O-])C(F)(F)F)C



